symbol,source,headline,link,published_at,sentiment,confidence
ADANIENT.NS,Google News,"Four A-Listed Adani Group Stocks To Buy: From Adani Ent, Adani Ports To Adani Green, Potential For 51% Upside - Goodreturns",https://news.google.com/rss/articles/CBMi2wFBVV95cUxQMmtnMVE1ZndrclJaN1NZbl9vTVJockJDcEE3bGpDdGw4ck9NVjJ2YWhhRmNYWTAtMkw1Nk5WMy1adGRPbGhIaGRkVUNSV1Y3V2dzVDBwSWt3TXRhYUJzN0NDUVJ3V0g4cFlMR1lsWGdEVXlaSzU1bmRjTzM2a2MyaDJXdEZWVkNwcTMtXzV5SWptRXJMQ2RsaFdsdURCcEZtRWdCTTBSU3gtUkxsVmZJUXNGeVJ5NjdVQk1YVkhYSENKRXJ1QTdfSlNfRTFWTk12em5yM19Ddnd4Mk0?oc=5,2025-12-06 08:21:43,positive,0.8159232139587402
ADANIENT.NS,Google News,10 stocks with up to 46% upside – Top brokerage Buys this week - financialexpress.com,https://news.google.com/rss/articles/CBMirAFBVV95cUxQNWkyOWdpdENRTFhPQl9wQ0x5UjN4OUNlQzlQVlc0N2pvUmYwQUdKRGJIR3JVYmpYLXZPSEdCdWtxXzZTQms2X3pndjJGLUcwYXpKYUFIQVBNbGpjQXFZUXVlWWVKUnNxRzBpUi1DdU5LTGJ4VXpsWDN2M2NQMVk0NnRxYU4tRlZhNzM5WnljRVA5dWFmTjV3ZXNKNE1Bb1BpREFDckZFUGpzbTFC0gGzAUFVX3lxTE9YdkRER2w4bUFkSzhwT0hFRXVNRzFzYVZhRk8weG5nVkxPOVBva3hHOVdvRU82ME1xRV9PeW4xY3Q2alN2LWE3SjYtWDA4WWJnYXhoN0ZOTG8wZHB2X2dmRHdzSVpzLTRPWGszMVJyZUFWUzg2cnZ4TUZPMEUxVkdZTVpoaTEtdmpvXzFOZGZMRVdBQkxRb2wzcGI0TmxNdFBkb3p0aVBiQ0xvb2JNckpSYVhn?oc=5,2025-12-06 01:30:00,neutral,0.7823404669761658
ADANIPORTS.NS,Google News,"Four A-Listed Adani Group Stocks To Buy: From Adani Ent, Adani Ports To Adani Green, Potential For 51% Upside - Goodreturns",https://news.google.com/rss/articles/CBMi2wFBVV95cUxQMmtnMVE1ZndrclJaN1NZbl9vTVJockJDcEE3bGpDdGw4ck9NVjJ2YWhhRmNYWTAtMkw1Nk5WMy1adGRPbGhIaGRkVUNSV1Y3V2dzVDBwSWt3TXRhYUJzN0NDUVJ3V0g4cFlMR1lsWGdEVXlaSzU1bmRjTzM2a2MyaDJXdEZWVkNwcTMtXzV5SWptRXJMQ2RsaFdsdURCcEZtRWdCTTBSU3gtUkxsVmZJUXNGeVJ5NjdVQk1YVkhYSENKRXJ1QTdfSlNfRTFWTk12em5yM19Ddnd4Mk0?oc=5,2025-12-06 08:21:43,positive,0.8159232139587402
ADANIPORTS.NS,Google News,"Motherson, Adani Ports subsidiary partner to build major auto-export hub at Dighi Port - Maritime Gateway",https://news.google.com/rss/articles/CBMiugFBVV95cUxPb0FJVzU0WXFnZDdLSGdNbVNLX0ZRRi0xOTZSc1VNTXJ4THZFYzktMnJqVHJUd2hEa2cxTjhYSHM3TmJHbWwtYXdQNGZOWnVsdU9CSmFPQVlwa2otQnRWUGJWUTJpM0Jwc0ZCbDM0Y1FBcTFRcWpJQUpicGdQWUo1bTFHWHJ2ZVhZWG40ZHVXcXVLYV9kVDZCUU9nVjdWR2pvSnk1MXZQaW5aM01BblpLaE1BXzI5eGtWcFE?oc=5,2025-12-06 03:58:34,positive,0.8120231032371521
ADANIPORTS.NS,Google News,Motherson and Adani Ports to Build Advanced RoRo Terminal at Dighi Port - Machine Maker,https://news.google.com/rss/articles/CBMiqAFBVV95cUxPdGFSX29yOXhSLTRWRjNqXzF5NzZHVEFXVG9WUjhRVlo1eU1SUFF3Nk5BYzVCX1pkR0FTUUhNWDJFRlR2dlpCUVZfUklDb3VhVS1COEJSMTFBQVVjSk5tRDdsUng3NnFfR0FHM2hLLXVVV0l4djBsU25LMmZKb09lNU9yY21zUlExMmllSFBmQVBiRWUxUkZrc0ZmT1dQeFV6TFJrNDR4UzY?oc=5,2025-12-06 04:46:42,neutral,0.6768155097961426
ADANIPORTS.NS,Google News,Adani Ports and Motherson Group join forces to build Dedicated Auto Export Hub at Dighi Port - India Shipping News,https://news.google.com/rss/articles/CBMiwAFBVV95cUxPcnI0UTBSNVlsdGZqbTNMMU14UjVXUjFabC0tLUdDSWt6M0dPYmx4MHlvX3VPREhZeXNpSTNPTlVmUE5QRnRoYzlWM3pQVVA5M2NTX1ZKMkZqc3JCT1cyWWVlR2R0c3JsSGg5ckZPYmphQXU4ajFWVkw4T0MxOGNQTHJXRlF4ZHNXWHV2VWlPQ09KR3Q0NExaUXlSM1U5MFJlMC1zdU1iRHZMY0NsMHJuNS00M05vMnhNbmVxakFDaWo?oc=5,2025-12-06 03:16:42,positive,0.8488537669181824
ADANIPORTS.NS,Google News,Motherson and Adani Ports and SEZ partner to develop RoRo terminal at Dighi Port - MediaBrief,https://news.google.com/rss/articles/CBMiekFVX3lxTE01X3ZGYXdWWVdwTEJoRFpCTkVmY3pMOFVTc3BmdlpjTVo3QjU4a2FwWUpXSUhKNHloUkRRN0dvM0RjU1dYMlVQNE5BRUpDbTlvU0VlX0w2d0p3YTZySjFJLVR5SFlURnktUnV5Y1BGamJHcWdVNFRoQUNB?oc=5,2025-12-06 04:27:10,positive,0.6953909397125244
ADANIPORTS.NS,Google News,Adani Krishnapatnam Port achieves all-time high Single-Day Cargo Handling record - India Shipping News,https://news.google.com/rss/articles/CBMisAFBVV95cUxPaHdfeExZMExhQ0EtWDBVSGk1Znl4dFFwRHVHN2hlOV95NjVhakdkTm5YUHNONVY3aFptaUFpdUlndEtkWjZEdU1kNlJPckZUQ0FRTFoxbFRvWEt3a2ZEVEs5SVVXcUI1RGFZQWFFWDg2aTRWNl9Od05uTDFwU1RSbFJfM0ZkNjRVbFE4cExjMEZLeDE0amdGQ3lUYjMxcXR4c2dianVQWW0yelRVWlNPRg?oc=5,2025-12-06 03:13:08,positive,0.8953935503959656
ADANIPORTS.NS,Google News,"Motherson, APSEZ Set Up New RoRo Vehicle Terminal at Dighi Port - SMEStreet",https://news.google.com/rss/articles/CBMiogFBVV95cUxOSkNaVENMVHFHX05ueEJmQ2tkVVNDNG1aQWdINV9nS3dQbjhyUHJnQ1FXMmxkWk5hRTNPREZFVHJ4ZXV5MG1fcmE5NnJCOW9lc09KSHUxUFNoNmdFeEFUcDlQb3JCQWhfcHFUekw4WVlDdXNuNTVydjZ4NlQ1REFObmZySzhRczZybk12Q3J0cmtCSXJtdks1Yl90OGw1cWlyR3fSAaIBQVVfeXFMTkpDWlRDTFRxR19ObnhCZkNrZFVTQzRtWkFnSDVfZ0t3UG44clByZ0NRVzJsZFpOYUUzT0RGRVRyeGV1eTBtX3JhOTZyQjlvZXNPSkh1MVBTaDZnRXhBVHA5UG9yQkFoX3BxVHpMOFlZQ3VzbjU1cnY2eDZUNURBTm5mcks4UXM2cm5NdkNydHJrQklybXZLNWJfdDhsNXFpckd3?oc=5,2025-12-06 05:11:20,neutral,0.6580706834793091
BAJAJ-AUTO.NS,Google News,Bajaj Auto Credit Limited Redeems Rs. 490 Crores Commercial Paper on Schedule - scanx.trade,https://news.google.com/rss/articles/CBMi2AFBVV95cUxQcmUwZ3h2TTJpbWVOWmh6aWdqSFh0b2Fkdk03LVhMWUlfeWZPeE1OYVlMSW1iS0RjMTZBRVd0Wi02QW56VDF5T3ZYSDQxdU83LWJaWUJUbFo2TFdWYWdTQXROMzBSNXdmXzBIb0F6MFJ1XzlGcGVjNXd5bWFCazlvYmhTeTFlUjJOamZNZmp4T1Jvc1d5V3lPTmVZNzk1bWZrRFVENGxRdXI5T1ZScFV0dGEySHZjLUdXd0M4RmwySmY0QjZSNkNRUG9EMEZfcGZzSWotMUpPb1Q?oc=5,2025-12-05 17:52:28,neutral,0.9175355434417725
BAJFINANCE.NS,Google News,F&O Talk | Heavyweights shield Nifty from deep cuts: Sudeep Shah - The Economic Times,https://news.google.com/rss/articles/CBMi1AFBVV95cUxOczh3OVV5TFM5dmdNRl96N3diNGMyc09jc2FibklnNkFHWmlhTDBCSlNXRmdjMW1sLXVKLVAwS2xDbEQ0cXJTWnozN2l2MFlhaWRhWjVhTUdxSTVfVDAtUzNUVUpYSzVqRVBxX1VuM3FNbXZBU0phdEZ3TEZpekRvRGwwOEEzNHNGZ2tCV2dLUEU4RzdSdWFDQVJGbmd2WUtsWHRSRHY1TTBVOGduRm0yQ3NUbUtvbjlBbGFZc1htSENXSm9GQXRRb0RIZFB2NlRFN3RBLdIB1AFBVV95cUxOczh3OVV5TFM5dmdNRl96N3diNGMyc09jc2FibklnNkFHWmlhTDBCSlNXRmdjMW1sLXVKLVAwS2xDbEQ0cXJTWnozN2l2MFlhaWRhWjVhTUdxSTVfVDAtUzNUVUpYSzVqRVBxX1VuM3FNbXZBU0phdEZ3TEZpekRvRGwwOEEzNHNGZ2tCV2dLUEU4RzdSdWFDQVJGbmd2WUtsWHRSRHY1TTBVOGduRm0yQ3NUbUtvbjlBbGFZc1htSENXSm9GQXRRb0RIZFB2NlRFN3RBLQ?oc=5,2025-12-06 10:11:00,neutral,0.6636305451393127
HDFCBANK.NS,Google News,"HDFC Bank News Today, Dec 6: 50% Share Surge Analysis - Meyka",https://news.google.com/rss/articles/CBMihgFBVV95cUxQWlRfU05DS2hHWklRdHJ6TVFNNXlnLUc2N1B2NmRFVzdGdG1XVGxSZ0VCTTlTWUdQQTl0c2F0ZHR2alZZSWl2Q0FiOXhoa2txc002LTBraGlyQ0VhMDJHZ0xSZllqNklnZTE0RFJUU2RGejlKa3pENXY3MllCc0tQSkNxTVF6dw?oc=5,2025-12-06 09:19:52,neutral,0.7709124684333801
HDFCBANK.NS,Google News,First Trust Bank Ltd. Buys New Position in HDFC Bank Limited $HDB - MarketBeat,https://news.google.com/rss/articles/CBMiwgFBVV95cUxOWTItTVFlVFVweUhzUVBiV18zN000MF9KVnM4SE5qbS1lTFlhZ0pXZlhUSFRDdTlKRkppVjhReWctQmVuQllybnVEZjNkY2pPU0hGT3JFall6cHZLVlN5VTVQbVRoUVVXdFZDeUw3R2xtb043YWhzc3AxcWliRjRrU2V3VlhxYkI2eHRFTXhyZ182NnBrRWIzdDl3QkhZR3VORnN0c3RkYjV6SmRqNWtUbkIzMS1jUWliOVc3Z0VWSDJDZw?oc=5,2025-12-06 10:25:41,positive,0.8053510785102844
HDFCBANK.NS,Google News,Capula Management Ltd Lowers Position in HDFC Bank Limited $HDB - MarketBeat,https://news.google.com/rss/articles/CBMiwAFBVV95cUxPN0lqZE1zU2lVUk5NN3docUJwUkNwVlhpRGxwV0dhcmkxQ2RUSDVfbG9tdThMR0U4VXZTdlFYWWkyMGF2YXp1SDRJLUNiNEFFWklwNTVzZjlwQk4zallXVDRSZG85Wm1NeUVOMkxvRXNWeWJNeXVYTWRMSWNQajExSGJUc1J2QTlRSTJtVUdNQkxBd0lFQ2o3OFNFTFRrRnFNY1JaOGc0ZHBpbVdRRHhjREpJMWQzTWV5OFlnSVM2d08?oc=5,2025-12-06 09:59:38,negative,0.9674850106239319
HINDUNILVR.NS,Google News,Should Weakness in Hindustan Unilever Limited's (NSE:HINDUNILVR) Stock Be Seen As A Sign That Market Will Correct The Share Price Given Decent Financials? - simplywall.st,https://news.google.com/rss/articles/CBMi4gFBVV95cUxNa2Y5VXF1cUllTVZkSHFQV2hwQmlWOUdvTV9rQURiNldsemZkZElVX0RTS3MyRV9BT3lkaldaUWFuNEljalZCeGZ2d2p6V2Y0b0VGdFdLMDRfQUVSYW0wR090WndhbC1wVDhfQXB1a0dUUzJsWHNveHRleVd2VVFsaHczS0w1NGp3MmlsNUhfSHdwMHItZ3dHa2kwbFZYLS1SNS1PZVRySmR1enZ5YXVEUFIwOUVfeFh6TEZkMDMxcjI0czI2eExaQ3ZaUURjaDRIMlJsU2s2emQ5WXp2NGw4aWZn0gHnAUFVX3lxTFAwcXVzODVueVM0ZnJZMWVoMUNTRm52emR4OXpiTHpZV2dpdXUtZGg2eVdYTGxoZHJHWmhvNTd4LUZtRHpiNHhoNWdadHBBdHZtQk81T0ZBLVVOUF9JTDJhUV9EWFRrVXZQdllZNUU3Mk1mZURETXppa3d2aVBJQmRSZXBiV0hnR3ZwZndjTmtiM0dLdVdoQlhPTFNUak1icWJZYnRaaFVOX05wMFUtWjBRN3BLUlJDcWJ3OURTOGNXbVpWLWV6MUZkd0l3aGNQellnVktlQnVJUFNOVUdWYmpHVkZtNEl6cw?oc=5,2025-12-06 03:42:41,negative,0.6504578590393066
HINDUNILVR.NS,Google News,"HUL News Today, Dec 6: Stock Drops 7% Following Demerger Announcement - Meyka",https://news.google.com/rss/articles/CBMimwFBVV95cUxQTHNFdmpEeXBXNUtsN1Z5RnU3SHUyay1lZTRUbDdWQjRnS0p1bU14dWdDRmEzbGQ4SUFlcVpudl9FVjN4YUFrWUtGZTVySTlLMmYzb1VOcDh0UXF5U2JHWHhHY0h0WUJfRTFVb19XYXA5cDRfRXVUUF91aVZyU0dDZjU1OEpEWG1vOHZmNWY0VlpPZEFtbDhlS2dtMA?oc=5,2025-12-06 04:53:05,negative,0.9595320224761963
ICICIBANK.NS,Google News,"Stocks to buy for long term: From ITC, TCS to ICICI Bank— Rahul Ghose of Hedged.in recommends 10 shares; do you own any? - livemint.com",https://news.google.com/rss/articles/CBMi9wFBVV95cUxOdTNmWnlvaVBrR2xZREZFQll0MXpoQlI5X2dUVW1RbXNIQkV3RkFEOEZMZmlFNGZIaE1qTEE5QUtJb1BXeTYxb0lQQUNVXzVhMWdBeHVQTFpqVFZSMmVOMjZmX2d3RG1oMTFRYndFQXBOT1FVcThXVTVLN0w5czdPOGdJa0tBd01BWXl1YndDNmJGVDJsbXk0ZlV0bDVKUE1aMTcxTFpoTXlyeVZHa0ZDcUVLX3B6TDBVVWN6NzFhUzdLSjV1UlN6bVVJTGZtQXo5UDloU0F2aEtqOUNqWmhXUE1XVVZ4eUs4ZHFNSjNmR1hGS0EwQlVF0gH8AUFVX3lxTFBOS1pkRC1IQnU3cldHaXduVGpKdjFRRXVaWmxSc0VWVWtiWkE4VXVITGdJQ3VUWWJNVEZIUWpxVVZjWkV0UWFJQ1BKR1FVY01IYV9MQkNScFdXeTRna09vOUFNbnFjUE5QVmhnUDZ3c0hnRXhwbk1uempyV1F6US1oS3JFdFozVVBRVm9YUnVaRlBFSWh1cEdmT0JGNnFUZTZUUEVXa0pHT3ZPZTdsMVpxS3F1ZGpUWDlPUVRzVjQ3d3EwME5oWjg3cVhlZGZZck9pRDNGMHVaQ1VGcnI3WnlnLS1DYVZBUUotTWs0Tzlhd0tCLVR5TXVTSDYycA?oc=5,2025-12-06 08:32:39,neutral,0.9461327791213989
ICICIBANK.NS,Google News,"Suzlon, IndiGo, ICICI Bank, Biocon, MTAR Tech among stocks in focus next week; here's why - Business Today",https://news.google.com/rss/articles/CBMi5gFBVV95cUxQMkt6cE51N21xSmdoQklKX29Va2hyclc3SkR1RHcyamJKVWhGVl81dE9Rb2N1MHBXVVdHVjZXYV9yX0F1bHZVLVY2UE1vSWFFZkJjXzl2eGE1SmVYQUw4LVY4LTVLcDRZR1UxUWFtNmxKRm1kbDZPcTRseWJSd3hsSFVBX0F2TjBtekZuemhXbG42VE05bjF3ckl1d2lIZWl5MFBSaXB4SzQ5LVZ5cDBJRW1lUW50anplazlZMVE5YjBjLVVXV1V3d19rcjlnOUFEcnhNTXFDRFpIVWN5dHFfSDNKRVNMZ9IB6wFBVV95cUxNVnh1QVNuRm1nY09Gc3NEYmk1RldSZzFLcElDb3pqS0tJbEVYeUZOQ3M2dGRPM0dYb09JOVU1MS1zYmdNejZZZExWUF90MkdJcmhuRXN5U0JOWUU0blo3cGlBOGVlSnQyM1ZsTnB1U3hpaXNuUkl5MEZhTmk2NUU0cnlUd3Zqb2xhU0dfSDRfYTZjY0JXdlBBNzJnSjZHQkp4YzBMRlM4OU0yVlFYOGt0VHQ4RkRzZGVsNnl0bVlFTEYwMEFia1lQRE9XZV85UUVRdDZHWlhkb0cwVzJfRko4Q2JsQ0RGUzhONnVn?oc=5,2025-12-06 09:37:23,neutral,0.9072406888008118
ICICIBANK.NS,Google News,"ICICI Bank subsidiary ICICI Prudential AMC sets IPO price band at ₹2,061–₹2,165 - CNBC TV18",https://news.google.com/rss/articles/CBMi3gFBVV95cUxQX3lSajllbmVxUXZ5UnVVTHhkN1lRbFBFLWFTQVNzSDc1eTZEd1J1R0RuRm1CTWphM3hQS3AtVWIzMzJKMWgyYjk3MnVRTVhRcGxCR1drbVB3dl9MeHR0RlpmYlEzZmtzUlRmNE9WeXl2bnE0T1Z5c0dsSWRXVnBSa05vZE9hbHBxdHd4UWtidHJ1cEFLRy1PODEwOFg3eVY3ZlZTb29VbG1td2NpeXdTeElfa0FDX3RSTDVJMGhFTElxV0pFdEUtanppMkFHdWViVUJrTmktWjZTaldPQXfSAeMBQVVfeXFMT01wQ3JkazlmdmN3bTg3WWpPUlNNc2JkM0kxRFdXeWRWT1RyNXRSZ1JHcVc0V0ViTkttel9CZ3dZX2lxaXNhaVFYVFpsdmJkMWotWHRBbVpZVC12bUJqb054Zk5PVFJDUW9qdVA5Ukc5c196Nm1RSy1OcGZnbDVVU0N3WWdoaFp1R2EzR1JQQy01OGE0WXJXZDNsTWZKaEV2ZGtvSXJtbmNrN1ZDS1pkNUctbzAxUXhESEZlZk5SSDZnVWlkOEE1UG1OYmZrSjdUM21KNEhxSjNLZ21sNkF3enUtc28?oc=5,2025-12-06 11:21:26,neutral,0.9255443215370178
ICICIBANK.NS,Google News,ICICI Bank says ICICI Prudential AMC files RHP for IPO - Capital Market,https://news.google.com/rss/articles/CBMiuAFBVV95cUxOZ1VrUENlU3p4aFFTbUhpaEZsRFUwYldtM3FpZ3NkeFM2LXRMQkxvR19OQmhIc1ZqWDVPUEUybzJLZEZnTk1tbEoyTWlEM3BDaEZIVS1SdEliUlUtdk9jb1RFQjFhWWJFRUtreDhjVFlKY1M2S2Mwa2NPbnczY05BSXdhcFZ2a1RnTkZyOHFKS2xrM2ljenlsQlNvalducC11b080cllscVNscEVYeFZOemUtcVNWYVAy?oc=5,2025-12-06 04:49:03,neutral,0.9374316334724426
ICICIBANK.NS,Google News,"Upcoming IPO: ICICI Pru AMC set to launch IPO, files RHP with Registrar of Companies, SEBI, BSE, NSE - livemint.com",https://news.google.com/rss/articles/CBMi4AFBVV95cUxOcXRsbVYyU19Uc0ZDb2dMMXFZclMwYVpPbnFfRmtZOW5VTXJsUi1kbWszTGNiSkNKUUdRcXhidnRHZlAxUGpDNU96eHlxdjZvMHpjMWpJWXR6Vk1QSUxYWGVINnhnRVVnTWt2c2hZVmFPMHU4dHRka09NRkxvMTE1OFlEaG1QRGhwN3d5SEJyRzR2SW04NkpMeTFFOGgwczFnNXdaOVJDaVMyQjFXZGdqeUZJUFdvZjRJZ253N19VOUxBYjdNbDZJWGlzZnJPdlJVY09Cb3dxYklwVEgya2Y2R9IB5gFBVV95cUxNdW1aVmxMT3lBTUpxelprdkVubERzcE5WMFctZmQzc1dodVJzVUVkYUVtWEpTbUcyTVBnQjJZbUVqV1FzNEp5bXFIanR5eWMzWWFRZkxGdkhTYnVrYzJCNzJ6TFRveEYzdHFkYVZjWklkYm5wcXNoSVhoVWtwWFpfcjhsdTRIYTJDRmp0WElWS19Ib2tkTm5RbFlRd3pQb0t0cHBfWGVGMWU3UWtFWjRjTHZwQ2dCXzd5ZUo4cG1JS1ZzV2hlZmJCbjRibUQ2eUx2V0UzbTR6NjJCTlVLV2tWYjZBZU1LUQ?oc=5,2025-12-06 03:01:15,neutral,0.9254244565963745
ITC.NS,Google News,"Stocks to buy for long term: From ITC, TCS to ICICI Bank— Rahul Ghose of Hedged.in recommends 10 shares; do you own any? - livemint.com",https://news.google.com/rss/articles/CBMi9wFBVV95cUxOdTNmWnlvaVBrR2xZREZFQll0MXpoQlI5X2dUVW1RbXNIQkV3RkFEOEZMZmlFNGZIaE1qTEE5QUtJb1BXeTYxb0lQQUNVXzVhMWdBeHVQTFpqVFZSMmVOMjZmX2d3RG1oMTFRYndFQXBOT1FVcThXVTVLN0w5czdPOGdJa0tBd01BWXl1YndDNmJGVDJsbXk0ZlV0bDVKUE1aMTcxTFpoTXlyeVZHa0ZDcUVLX3B6TDBVVWN6NzFhUzdLSjV1UlN6bVVJTGZtQXo5UDloU0F2aEtqOUNqWmhXUE1XVVZ4eUs4ZHFNSjNmR1hGS0EwQlVF0gH8AUFVX3lxTFBOS1pkRC1IQnU3cldHaXduVGpKdjFRRXVaWmxSc0VWVWtiWkE4VXVITGdJQ3VUWWJNVEZIUWpxVVZjWkV0UWFJQ1BKR1FVY01IYV9MQkNScFdXeTRna09vOUFNbnFjUE5QVmhnUDZ3c0hnRXhwbk1uempyV1F6US1oS3JFdFozVVBRVm9YUnVaRlBFSWh1cEdmT0JGNnFUZTZUUEVXa0pHT3ZPZTdsMVpxS3F1ZGpUWDlPUVRzVjQ3d3EwME5oWjg3cVhlZGZZck9pRDNGMHVaQ1VGcnI3WnlnLS1DYVZBUUotTWs0Tzlhd0tCLVR5TXVTSDYycA?oc=5,2025-12-06 08:32:39,neutral,0.9461327791213989
ITC.NS,Google News,"ITC Hotels block deals: HCL Capital snaps up Rs 2,998 crore worth shares; ADIA, Morgan Stanley join marque - The Economic Times",https://news.google.com/rss/articles/CBMikgJBVV95cUxPazBaWjFIek56QXRXRllQQl9xZ0psSkdqR1ZLMWVzWUlLdVpuN1JzZ0NpNEZOUlBCWDZOeGhqRnZlR1F6aVMzVFZXVGNZRUdkNXc3cFpnZk9qeHc1VDFXTWRSSU9lVEZyN2hnQ3ZzLWhlYVp6bERVSUF6NUNzRktJUE1qbUcxVV80alVyUW16RDZtVnFYTFRtZXEzMENRcTc2dWlHUUxKWndibm9sRVBnREY0cnZJUHUtcWNLU0l0bG81eEZMV1MzelY5bXZiN0V6RFlDcFJCaXFrX1JfR1loUUxRVGwxcGVQY2QzR3lyUWFCX1puS2ZEWkpkeUw2RTExVGpqTTQ5c1duTVZxc0xrZVVR0gGXAkFVX3lxTE1jWHhyWVR5M1M2OWZfSjU4RURoMVJnQVNMMFkyRlhzMFpVRE5IT1A5VE0xanpGeEhHZnBlbFNEVXpBWVhIaVB1Tm9oZXhvdFloRW5sRkl3TnpWRHZBSXFBQllwUWNFNzVLNjVfUVJRZkFra05MWDhTaUhpaC1sUWdHWmlDQXBBUnlNWUZfTmxRZndBU0JhMlYzOXp4eXVfSUlVZGlwd1pyai1USDBkeFhXS2Z4MTEzN2tiMkRCS3NSSEx0dlpSYlZ5enR0NE9ZVnRTRGtkbzN4amtLWXBMYXl6ajBua3U2T195TEhfeVN4OEV3YVVjX1RwRU1pZUhzT1NtMjhucU5BeXdpZE83VHpSa1VKNzRKdw?oc=5,2025-12-05 16:21:01,positive,0.7670883536338806
LTIM.NS,Google News,"""Whatever he does is not helping him..."": L Murugan on Rahul Gandhi's 'Constitution under threat' remark - ANI News",https://news.google.com/rss/articles/CBMi6wFBVV95cUxNTmNtNDNBcm85UVFmZkZNd2h0UEFrVm50eFVQak9hT0Z5MkpZQ0g1TTNfSEF1dDM0alRoUmxMazNwNzdfYzBsZ2xwMjdaMWpwWllaU1hfcTdndVRLaTZSZ3pvbEQ3LVk5VTZkb01ERnFEUUJFem5IUUtCc0hSMnlSTmxFaXEwMjBRNENwV1NMSUxXb25TUU1GZFdTYTNkbWpWeG9DRk9PVEZWVnJ5aTFVNkpLNzVIbHNxOTNKS0ZfdGhsbDJKX3VITVh4WTZKYThyV1FpOC1hYzQ4N1NXWWJRRFJES1lZX0Y1WEdz0gHzAUFVX3lxTE1laUV4b0dlWDFYTG14dmVDaDBNVkljU3JwUGVWV1FnOXRPNjBBVnJKVXo4NnpZajJXNUhWU2U1WXp0MDJwa2VhSkE5cGFfdVdCam5kcHgtclRHQ2dpUGJDWTdQLXkzdFlhQTExcVU0R05BWTJhZXh0ZDdHZTlOVFhGVFVKd3NwWWFILUhlVkZVQ292YXVBVS1kUFJSZWp4RzdKc3JjNHRkY0lEZDRaWTdpOTd5TGJjRkhCUmxPT3V5WjVVWE5OUFppU3M4aDJqc1JGOW00SDA3S0tQbzh2LU90N0E2Qmw1OHRvSkxLYmU4VHNHdw?oc=5,2025-12-06 07:59:00,neutral,0.7089585661888123
LTIM.NS,Google News,"2.2L for Mum ticket: Fare stays north, flyer anger boils over - Times of India",https://news.google.com/rss/articles/CBMizwFBVV95cUxNSGFmMVVIUEtkZXZ6YUlITWhobWgyZk9WYUJQUW9mN205b25Sd0lhQUdnUXVtQXotc3JBb00zYW1EenhfN1NHTWVvMnMyYnh2YjlocERqdjBXMUhnbnM0VTdBR2NHbzRYZFNma2VxQU5qS2ItU0ZUM0xBdVRjSFJfNklza1pTT2M1RTBEWDBibk5jdUc2MmFmRExELWhhakt6aDgtSHFZZEI2QjVSZ0JnUkRsR3ZmUldINFNUQTFNM1h6Vk9MVFk3Vi1QUGZaRUXSAdQBQVVfeXFMT25BeFV4bDljUFJscjZVRnJkV3VNd3NRbFF0RFI5ZGVNQm9ydVBzaEVDTngxTzlyd0Z4TXJTdDZQTkJuZUJaQVJmSnNhWFJIcjVLSmZSSS1xUG4wTUwwYU5ObUNraHR0bFdnOXVkcFF3a3hUd2o3Tmx6Y05ZRkJrVF9sdzJkSEg5WWtRU1lzN3VYMVVBcGtJeENFUlQ2STBTTjluZ1pCY3c3YjB0azZlQ1lsSml0UlViOEthV3R4Nk9DVnl1SG5sMnU0TzZQU21ZVmhlQW8?oc=5,2025-12-05 20:48:00,negative,0.7193189263343811
LTIM.NS,Google News,"England drawn in 2026 World Cup Group L: What to know about Croatia, Panama, Ghana - The Athletic - The New York Times",https://news.google.com/rss/articles/CBMioAFBVV95cUxQcTVjZjlocFBnaFlrcFVJeHFVczU1YmJkOFlJZVREVG1qa0xnQ3Vwc2Q0Q3NVX2RzdjN5V1gydEM0Y0lxWG9JdnFNck5xWmFLUUJzOWFHaHM5NHZWaUpkeTRaVWRJMHZJaFdyM3Q1RzBEWThTRUwyRzMyQ0kwN2VWTUVJdHFNVWFQVDdCME1BMXFYNTV2QWJmTDVCcFlBV1FS?oc=5,2025-12-05 21:11:20,neutral,0.938362717628479
LTIM.NS,Google News,"63rd Nat’l roller-skating ampionship to witness 4,000 skaters in action - The Hans India",https://news.google.com/rss/articles/CBMivgFBVV95cUxNR3hvdVdSRll0U1F6YzIySzMza0o1U1EtcGhabkxKR3Y0MW9RbzhGVnpMT3VYdnM2UHRhaHAtMTZhZGVqSTdOR3NSdlJGWVJoWVdGdjhOQUFNMERiZHY3YmFQd3IzcmZNVjA0dmtER25QZVZXZ1pkdFVoSVoxNUtnU284dWlyeWY3V2ZkMktjX1FDcHktUk5UYnYzMWhaejFfOG1yOWRLQlFZS1Ryc21IcnJEUFcxMDNhTy0tM25n0gHDAUFVX3lxTE83SVB3aWhhV2RFbXVIRlNkYTBwcFZSMWVaOVJmc2NGOFZYSlAwUmVBMnEyaXI1eFlXbm03VG1FS2wxOEZVV1hfa013VzZUdWJESnYxWXlKNkRtTzFLbjN0N0dKOU4yTXFuTVE2VXR1OFFCS3llV2pXNkpGeU1xV1JzN2c5WVJvamduclJHSXFqZ1R1RXdmY0l4WG12bnlub0N2c19RbFZRVzdGZ2tkcFMwSWVNV1NtYngzWEZoNFFhVUdqcw?oc=5,2025-12-06 06:29:17,neutral,0.8240178227424622
LTIM.NS,Google News,Newspaper headlines: 'Netflix seals $85bn Warner Bros deal' and 'One L of a draw' - BBC,https://news.google.com/rss/articles/CBMiWkFVX3lxTE5UeThTSW9UYXpXNktDRWxjRFBYRk9PTnhlUkRDZ2FFYVo1dE5oSHR4MVVYdVJXZ3VlbkZFRzBxbTgteVgzUGtwZ3FwQ0E2cFpZY2hEQUFVekphZ9IBX0FVX3lxTFBjcThyUFZLSHFHOFBtQzlNaVFBZTFIUGNCcHFsdzkzU28wUDhZbmFuTjNMS2FQcXBUR0VzaUp0U0xwWmNDenhVTDd0Z0FsRTR1Q1gxR0U3bXlJUXBSLUNR?oc=5,2025-12-06 04:21:41,neutral,0.816739559173584
LTIM.NS,Google News,Arunachal: HIM Int’l School Shines at State TT Meet - Arunachal24,https://news.google.com/rss/articles/CBMifkFVX3lxTE50WUxqblo4M01FZ3g0Z3pWcmctZGpYWjZwenJvZTgzMXc5d0pYMGFYd1RleXY4c2xsWlY3d0hsc241MV9ra0RGQUxvX0phNnpHaFFMbXpGQWhuTWpybnVCaTVWTFRTVE9uSFJmUzQzSnBEMVhmZ21LWnViaFNmZw?oc=5,2025-12-06 10:52:30,positive,0.8514227867126465
LTIM.NS,Google News,"U.P. CM Yogi Adityanath on Ram Mandir, Noida Int’l Airport, Kashi & Mathura temple row | HTLS 2025 | Hindustan Times - Hindustan Times",https://news.google.com/rss/articles/CBMi6gFBVV95cUxOLUEzZWpOLVMzdDZUR29PZGZWS0NQRExZSXVFV3BZNnRPd1J4Rng0RW5WdS1vT3JuUHVNN21zR2h3XzN3YkFjcTBlbzRyNlB6aW0xV0tFU0M5TVljdlg4ckZWdjFWUDRZbGhqVnlOMzd4b3l5dkp2TTR3WU5oOEZ0aHhIQlZrVklFQURDN0V3cC1WYmFQekFHT3RTWnNMeklUM1kxQ2hVTVBkdlZUdkZqSWw5Sk1WUzd2VkVYZDQxODdTY29CTUlZV2lXb205NnVsdlNKRXFQbzMyaUtWSUl0S2V5NzAwanM3RWfSAe8BQVVfeXFMUExnbzQ3TlZOZmk0d2hxb1p6bGhHUDNVVUNFalNFODdpNVZ0N0hLSndnWHhUSHZSUUtVQTI5cWswVjFPaGFsdWg1ZlR5QzRCaEUtYnBYc3lrMEpTWVRrU0liWEFVemxlWU8xbndZOHFNOE84YXNET3NzMHVLSGt1dWdmUHBGSnFvQXpyeTl3dTdHUkhtMWV2ajdaeXQ3eTVqcDhPRjB4MFZGT1pNNmFLdlFrdUJ6UGNHWEJHNEJ6QjB2WEVCcDdKbU9WblJMaU1FSnhlREZJeU5HeWJKMF90Mk85dDEtUWhYQ2FtTHk5djg?oc=5,2025-12-06 10:00:06,neutral,0.9341802597045898
LTIM.NS,Google News,7.7 L pilgrims expected for Vaikuntha Ekadasi - metroindia.net,https://news.google.com/rss/articles/CBMilgFBVV95cUxOYk5SRFNxRmhIOGJibUpsUmNQa2tuUzdSdUIxYTF2ZVhESHo3QkppeDZ6eTE1LUZIVEU4ak8tQjlrQWRPU2l2TXBQc1Jid2xuTzV1d1c5THY4MTdseTBZVG5EWG5MdDEyMkhaQmFGQkI3ZENvampfcDN0MHcyd3o1RlY1NTRabTlRN2dOZlM3cDNfcWFuU1E?oc=5,2025-12-05 19:11:13,neutral,0.9362713098526001
LTIM.NS,Google News,"World Cup 2026 Group L draw: Match schedule and fixtures for England, Croatia, Ghana, Panama - sportingnews.com",https://news.google.com/rss/articles/CBMivAFBVV95cUxQWWpQcmNCYUwxckhJb0oxNjlwVmRNZTZXNUJDWHhyYU9pVEl6WGVOYnpUWXg3cGFuVnNkM0pYVFZWbm0xcGV3NnJnRHktZmtnc3MzN3dJS3A2ck5GSjhnaDF5RWU5djFwRktNeWhwc0RlUzNLNWpBaW1STTNTbmt5dHFDWGRBak9ya2cwdXVkSzdlRE5ZVG5fLUU0WVExN1kyVTdRSmRyOFRCR3RfX2R1bFNzMWs4Rmh3NUhmOQ?oc=5,2025-12-06 02:59:11,neutral,0.9432564377784729
LTIM.NS,Google News,Int’l wildlife criminal wanted held - Nagaland Post,https://news.google.com/rss/articles/CBMibEFVX3lxTE9FU1FCYllvUEpzSy03Ml9xbmlTb1hIZ0syaG5PbHpFLVNXcnRleFJkLTBxOURrUzJlc2E4OFN5UXI1dmR3R19Ebm9nV1RoYm5DWUdnT1JMRl9WdHhyTGR0RFdjeXRlRUZWWFp5ag?oc=5,2025-12-05 20:57:59,neutral,0.6186078190803528
LTIM.NS,Google News,Yeast cell factory converts methanol into L-lactate for biodegradable plastics - Phys.org,https://news.google.com/rss/articles/CBMiekFVX3lxTE5FYmhPNUlWbHQyVm1WQWhPeEIwc19HWWZVMG8zclNWcTRNNkZfeFdsUjNoeUJSejV6M3BhTXg0M3NIVjI0dlhXZDNOeThuZTZUUFpLcFB1cFY1aFB5OW1FOHVHZjZTTlMzay1vNENremxZcVBwTGZNZFJ3?oc=5,2025-12-05 15:20:41,neutral,0.9061387777328491
LTIM.NS,Google News,Dr T Ao Junior Girls’ Nat’l Football C’ship: UP enter semi-final with win over Tripura - MorungExpress,https://news.google.com/rss/articles/CBMirAFBVV95cUxPZWVTc0RKYU9IXzdqSkpkX2owRERndnV1MTFkcGswdWFSVVlUY3lIcHlvaFpjQ2FXMlV6ZHl4X0ZIRDY4SFVLLXg5RUZJUVBLNFNkN2Qxb3lHQ2RkX0M1dlpJRThxZFUzd2pCV0VyZ2gzWnFtUUhlbHFmb2FxX1ZpM3RpLUtka3lLZjBVdjV5M0pOdEs3ejdZc1paeWg2SHRRMG9KRlFPOWVoNHVj?oc=5,2025-12-05 16:10:40,positive,0.8644146919250488
LTIM.NS,Google News,Raj and Int’l Solar Alliance to build country’s 1st digital power network - Times of India,https://news.google.com/rss/articles/CBMi3gFBVV95cUxOc0E5RG0taUo3QUM4VXpOekxDREZpZXRMQU0wcHJoNndwUHpYMFhfWW85TlNRU18wRk1pNkxTWlNiNVpfRndPR3pGZFlKd2tnTnI5VEo2YXF4TzJTSi1KcmhVXzJjNWppZ0ZzSkNnWFY1M1RLeXdTVUpmWm54ZVF4YzN3RWcxbnBZbkoxeWVpdWJaS3V6ZHVUdkVBSWpxcnFpZmdtcEp4aEN4amozcE9mT2VOMlVUZUplWFlTZTNnanljbHZIRUl6dGN2TkMycGJJbnRqaXg3Q1hqNVJ4U1HSAeMBQVVfeXFMTWJGTDJJcDRWTXlQUGVPTVp3dnJMMGN3T2VRMklsa1VaajE0eXktVFhsOUpPZ0dfajYyem1SbFhmQ290alJhOTNOWXY2YmhwMU1vYlB5czkwMkwwRU1YXzQ4a3ExWW9RUU1LSHJsbmRJLXdHekNTUU5HLVFvLW53VE94WVVZZkRwRmlpTFMyaUM1cXdPeGxDaEVBcEJTWlZZVEtmc0ZRcm1hU0dpMDlocXNLRjJPSFNfR3B6ZEdrQnB6UHU1MnNTdGg1ZVJZaEx3X01rYkpsR3hwUDFuX0dzeC1rQTA?oc=5,2025-12-05 19:00:00,positive,0.5016840100288391
LTIM.NS,Google News,"Bihar: Stolen child sold for ₹3.5L, rescued; six held | Hindustan Times - Hindustan Times",https://news.google.com/rss/articles/CBMiuwFBVV95cUxNUE1jRGE0NFRqZ2M5ZmlqdzVkZ0FNZDFVT0dQMVpkNV96WjYtck1mTVY1UjdjQkQ2Z2E2UUFLM2Y1NlREZ3FvbFVxazVoaGpRanliNmNTSE53RWVxVGhrYThnX0Zlbnp0aFAxMHdXQl94SDdhMGd5ajMzR05FOWwtUDZCaFZDMWNtRDFKNmpSRWYtVEdKcUZqZUNJWi1HNmZ2a0FjYXFDRjFVdnlkZ3lpYWNBbG5HY1RxQXZZ0gHAAUFVX3lxTE04VFoyRjZGMFBaTXhfNGVENDR3NUZPbVE1QWt6X2xqc0hyS2ZQMFZKZ3NnNkdDQXNyX1doVk4xTWlxNjY5OVVDUkdubzI2b0J4WFVNQktjNUFtN1EwcHJ0cU1PdTVUQzNZR1ZwNExYSVY0amU0MFVLMURMOC1ZQTJNZW1VQjRiWEhJd285Mjd5YzdIZm9vY2NkRDFlTENhM1I4cmg3d3EwNnptN19kZkx3cmlDdWpxMGxaU2cxTDJjeA?oc=5,2025-12-05 14:47:11,neutral,0.5219978094100952
LTIM.NS,Google News,Doc loses 33.7L in investment scam - Times of India,https://news.google.com/rss/articles/CBMirgFBVV95cUxQSXdvRjA4VmFrRHJsQWJ4MXpaQVhMbmJaZktyekdWYVFGR3owYkRGV0lTN21Qa0RxY2cyWG95VTMzMGtTak9UdWl1YVM3TTJGenZINVY0dVA3bWI5SnZaVzlLRXB0ZlFrVTR3QkRDOTI3emZQeFZMNEkybGhtV2ZYeG1LakZtTC1fNi1ZTEg1UXNJamhpVzliUzBTSmszMl9EYmszcEpHaW81SHkyLVHSAbMBQVVfeXFMTVR2TE5EMzhlemZmWW5teFQ4c1BWZWtMdmdRY0lScmttNkhQNzhwVVdXWkU4TE01Y1lDZk8teWlFUlg5QzRqS0pzNFBhR01WNFczTm9uWTV5T2twZjNINFBEQ29CaUVqb2FrVVZwOTYxVzFfM3lvSEhkWGRPMWQyODFHbE9rVmZVMFhzaGlrbHVkS002aUdFQlVzejZraXFhRDJDLTFQWTBENTNWOWtxbVNSam8?oc=5,2025-12-05 18:23:00,negative,0.8824329376220703
LTIM.NS,Google News,Int’l conference on composite materials - Times of India,https://news.google.com/rss/articles/CBMitAFBVV95cUxNMmlReFBPRUsxMnpEYVZRNWNzVWlvdnNScDgxSWxsZ2FBUm04R3lKaWRQWnRwWnFkVS1NbnZ3RkQtczhzWnlMOGI1bGJCQzMxTXFmeExvRGk4MzJvVklkdXVHY3JLZDB3UWNDN1NFZVZxVDB2YWRZeF9oOUVjSjFFLUdySE9oS1hsT0lfdVZaTGd0Y0ZYQ1VjZlZWSjl5UjhWMnhlc0hEeUs0WUZjZ3NJRENEc3TSAboBQVVfeXFMUF9ueGlnWWpjWlc5V0FSTnVUem1FY1BQbXRPNWNaQm9ncGJCdmMtek55ZEpMdDZVZXA1b2RSVVFteEROWWt4c3lfbGdwbGFYN0ktTWx0dEQwVDk5Uk1pbHNNZHI3bEY2bFBQeWNZamtoWkRpMXZ3cmx2N0R2YkNsUHpsQVpBcmNacEw2UEZQdllLdE1hTHlVaGtQcEtOSUs1SVRQM25ZTG80RlNkOTl4RFQyamo5X0pfWVFB?oc=5,2025-12-05 17:12:00,neutral,0.921151876449585
LTIM.NS,Google News,Misrod engg duped of 15 L by Delhi trio; fake IB officer held - Times of India,https://news.google.com/rss/articles/CBMizwFBVV95cUxONUFIR2Q1cmFZVjc1SjEzVDl5Uk5SR1VVRXZ1VkVpVjQwMHVzRDVZN01Pblp3dWczaDdMa0JVQW00WmxFYWZOMm81WTVyMHE4dE5qY0NESDdCTERaZlEwN0dQa20zdUZKaDFHREViWnoyeVdrajJ6NjRKd3gxMG5wczZoVFZFOHZqTERyUmdSOTdwYUxDVXFTUElGTEhxVGtUMTBGV0ZfalJZTmYzVUVZbm9zSExuQVByeGNWazFpcno4VkZfX0toQmZnR1MxQVHSAdQBQVVfeXFMTmZjYjRuVC1WbzhxR3poU2RIQ3h3RGJjOTJZSGwxZFRaeURoTHd3OGdqRU9wVGlXSE9Dd1dWSWdCUmU2VmcwYjYwTE1fUlBHTGlvd2VsbGRXaTYzRFpIb2FqT0JVQ2F1VFpvaF9IRTRWbmcwNmJRUHlRSGdCam5CSmRZOGc2OUQ0Sm4xMmdKcDZZbDlEMFdyaW9Mc1FEdnZhS042U05pYUZOcHowT21mcUdrQVZxeVA4dDlCUkpmeXM2SXZiNkVaSHg2RHpVdUJnY2NGei0?oc=5,2025-12-05 19:15:00,negative,0.6689478754997253
LTIM.NS,Google News,England's World Cup 2026 Draw: How Difficult Is Group L and What Is England's Route to the Final? - Opta Analyst,https://news.google.com/rss/articles/CBMimAFBVV95cUxPS1V4LUtEQWlaTy1NUXRGSnNOc3N4Si1iakhDbFU3ZVBqS3BVOV9DMlhpX3ZUSGw5enltQWt0SXJkTnpYdERkZEFraUctX1VRa1dObjFWUWxFZklxTno1S0UyX0VYUnBYamZmclUwdUtuUGZpbGZ1NWY3ZXhIMWxueGN5d3RIbTlTWHVieEk2Y21aYk5sY0JRRw?oc=5,2025-12-05 20:05:30,neutral,0.9364365339279175
LTIM.NS,Google News,2026 World Cup group of death? England gets Croatia in nightmare draw - USA Today,https://news.google.com/rss/articles/CBMiwAFBVV95cUxPYV8xYlVXLVFleUJSWS10anBTXzhuQW91RF94Sl9YWThMUF9hT0Z2SGNpT1JPazFPLWgzNWEtbTR1V2l4WENNalhQeDBQMktVOVcxMUt6ZDMtckV4SHVHWW45bm9aSTVPZWtjamV2amt0UTFSRXZ1WXFXakpBbEtSTWhUblNVUUdlLVFEd1QydVJaaXdVR2t3THZyVEgtQTNDbDlWcDZncHBTdFVyZzNGTzNDYXhxRVNsT0dyMTVkcVI?oc=5,2025-12-05 22:04:00,neutral,0.8805948495864868
LTIM.NS,Google News,Get ready to fall in love: The design house L'OBJET from New York has landed in Israel - The Jerusalem Post,https://news.google.com/rss/articles/CBMiXEFVX3lxTE5PTmxjZnNFeWY3a1BCVHQ2bHd2TFEzbURVaE9ReTlIcDBza1B3NmNVaWFvZ0QwVnNSYUFqMjU5dTN4YWFQWjRqXzBOazg2Rkg4R2FpcFBOSGhOUklk?oc=5,2025-12-06 09:25:00,neutral,0.840658962726593
LTIM.NS,Google News,"Congress demands clarity on Dharali disaster deaths, Rs 50 L aid for every affected family - Pioneer Edge",https://news.google.com/rss/articles/CBMiuAFBVV95cUxQREh4LWtRX3UzVU1pM1FoMEx3ZE1vOXJwTl9sdHAzUTI3U3JKUDdEYzdvcnp3X3JYem9uTGxoRXRaRjNaOVRPUVJGdHFxOWNNbmlZaWR6SlRyRFcyZ1ppV1hCMWV6UjE2MXluenYtd1k0UEN0Y0FnNEhHSDVqQ0JzRWtLSTcyLWM2b2FiREZYbUVhbGpwWFhtcEhwWDNPQjBmY2pPUFkzUHZiejdzd0RiaW5Mend4aFpQ?oc=5,2025-12-05 16:59:21,neutral,0.8982087969779968
LTIM.NS,Google News,L’Eau Du Sud bids to create history in Tingle Creek for title leader Skelton - The Guardian,https://news.google.com/rss/articles/CBMiwAFBVV95cUxONE13R3BZVGVaejRFdVdKckd4RmxQQ0N0QkdaS2tMT2F2MF9NUzEtZEo1b2gzLTlxWlNqV3BLbW9BLW95MDhLX0pWQnJqWWQwT0xtZHlHUDk4aFEyN09Hdzhfc2FqcTVVVndVS3FnQmcxMElJSU5iQUNDRG5aNGprSngxOTRqNFZULWtVUElWU1R4NlFFbUNWaUJvby0xdVdOV05CaEhNdWpwc0FYVTMtNnl6U0VZdzlTM2h5VlpRc0E?oc=5,2025-12-05 17:47:00,neutral,0.5906367897987366
LTIM.NS,Google News,Int'l body expected to take over Gaza governance under cease-fire plan - Daily Sabah,https://news.google.com/rss/articles/CBMisAFBVV95cUxQX1dabmtjRWdyVTNldmVxSDBVZlhqUy16ZV9mdDJobFdNNDE1a3M4MW5VNnU5UHo4VEdudUYyRW9GVGFVZXY4ZDNGRFNZbXgxV3RKSFB4ZEozRzNwUC14TmozZDFsd3FTNmJCN1dYVTRqZGlQcXBaOS1kWUR2b1dqdjRNRnFNa3hLbmxyOERGYXA0WVU4eGdvQm80Q1JOZ0RTOW9rTWF1Wnhia0JXR2lqag?oc=5,2025-12-05 21:00:00,neutral,0.9373602271080017
LTIM.NS,Google News,Nine danger-men for England to watch in World Cup Group L - ESPN,https://news.google.com/rss/articles/CBMioAFBVV95cUxPX1h0OHlfbDc4N0ZxaWhDa2Yyc1QyREowblNDT0R4UWRRUnhuOXg4WlB6eFQ5V2RQa0paX2sxbG9ia0FydEdvOFRZZmw3TGZiZHJxaFdxcmppU0x6NG1hLVJUUGxfa0JNUW5FdkZZRWcxY1pLWG1OemtoOWdieksxbVlDTzBZcWlQN0JvRWpwVnVnNHJJRzROY0dwbllrRDNW?oc=5,2025-12-06 13:17:00,neutral,0.9243808388710022
LTIM.NS,Google News,England 2026 World Cup draw: How difficult is Group L and what's the route to the final? - ESPN,https://news.google.com/rss/articles/CBMiswFBVV95cUxNM2dDQWlETEQ1Nm1xb29sRVFuUEVvWjRCeFBhbXUxOTloUnN4OWlNY1FwWWF3MGpRNDBQcjhSWVhSUkV0WWR2NXR5TnhDTjdlVkpuZ0tUWlVPdVVhWVR0cUNDeUxvQTRjWF9mQlBBODRDRXNHdmttYXdueHRmc0txSWQtUVA1QzJFMHZWUTR3ZVdyT3dOV05ZaFhkMzJWT3BXOXJBdjVxQ2NsU2FqV1ItcEE0Yw?oc=5,2025-12-05 19:57:00,neutral,0.9336071014404297
LTIM.NS,Google News,Tunisian Director Bridges Cultural Divides Through Cross-Cultural Family Thriller - Morocco World News,https://news.google.com/rss/articles/CBMiygFBVV95cUxPNkF3NlloMG5EMXBsNGJyR0RmUTU4UEsyMkNrTEZxVzBRTVhHY1J4eUZjcTl1YU85Q3dlTWUteENqX3NtQ2tLM29qbHUwSW1kNXRxemloM1o5dHlna3FnVUFwOENCT0NKUlZfM2stMGp0RHJKYnp2Um1jbGZKLTJ4YW5aNFFINVhEQjJzQmw0UGxhR2lTQ2xEYnRzNERDU3hQb2lSYWduZHMwa0ZnRTg0UkFuQlVxNTJ2UDY2c3dDM3hjUmdDQmtndjF3?oc=5,2025-12-05 15:50:01,neutral,0.9019871950149536
LTIM.NS,Google News,"Group L: England, Croatia, Ghana, and Panama | 2026 FIFA World Cup Draw - FOX Sports",https://news.google.com/rss/articles/CBMiYkFVX3lxTFBkMkVFdEpWRnFUVVVlM2wtVEZpTmlJVTJodFhEcFJjMlphdjJhZ3hOb3d1dUtQeVFrMFl2ZERrckEyVUhBblowZkZ6RFRJRW83TF9JS3BMMkN4RGlUamhaYXZB?oc=5,2025-12-05 20:58:06,neutral,0.9306773543357849
LTIM.NS,Google News,Alice L. Walton Foundation offers Bentonville $239 million loan for sewer upgrades - Talk Business & Politics,https://news.google.com/rss/articles/CBMitAFBVV95cUxNNlZzRUtTdkZzRS1MX2dUS3NIQmI0MTJWcUhTYlpROFFjWmRsbG11MHZRUnM5RW9KR3JZbGVPSXJiQzF5UE9EZHZtSzNVRDZYTkFRaV9IcTU5TnFPMjZyUXFBUGVGV3laT3ZXak5zQ3dRU2p4QUhPTWM1N09UQ21CMzdJT2FsTWxvMTRWY2MtWHItUGVLQ20yN2tJVnV4WU1Cby00OVZIZElBSVRYc1VwN2JTVFY?oc=5,2025-12-05 19:14:06,neutral,0.8882008194923401
LTIM.NS,Google News,Int'l body tasked with governing Gaza to be announced by end of year: officials - 毎日新聞,https://news.google.com/rss/articles/CBMic0FVX3lxTE1ZMnBkZ2w0REhyTnpmcWJqdFg1dHdrZlBaOThtZkp5alZ1Z0R1WXF2Qy1fMHB5UVozYV92Z1lNSmVUWDlkaUhEeV9rM3FHT3BnZjVOaUpOT1AxSjlQSVBDNm12VXdfWldpZzBTdWhLOWVTYkE?oc=5,2025-12-06 07:04:08,neutral,0.9526090025901794
LTIM.NS,Google News,"Brock reflects on legacy of l’École Polytechnique tragedy with memorial, calls for action - Brock University",https://news.google.com/rss/articles/CBMiwwFBVV95cUxPUVpZVlJPMDFRTFAtSlU5M29DZmJNR3Y4NUdTTnFJOXhyUDU3SjBOOVozNklMRWh3aExhX1o5RGcyRUNhY0JNdGhTY2FLbDBwbzhsYU1XUy1wb1ZfZEluQWdyQlJmR0hvcW4yOFRJTjIwRUlxaURGeUh3RUdUT1VYZU5jbzFSNWJGeVk5Nm5URTZMSGp1bUsxYl90OFo3V2dITGpoT2VFRTZvMV8xMnBFdlk2ZmJRdFJIZ2ZKNFhKaTFwWTA?oc=5,2025-12-05 20:56:45,neutral,0.7556620240211487
LTIM.NS,Google News,"World Cup 2026: Group L Profile - England, Croatia, Ghana, and Panama - Ghana Football Association",https://news.google.com/rss/articles/CBMikAFBVV95cUxQcV9nTjFEaUF6NGloMmUyLXhabkExQURtWjNRa3NJSlhuS0RfMjZkdHk3eG1GS1lOeXdBMDNNVmRqV29PMlIyb2tkQkxuTnZGbkd5Q3VRLVpYTkhvcXFzbWs0eTdFeUZIMnNBZy0wT0ppMGN3eV9CcnpNWVJvUThKQ1oyZTFhWjZJSjdVTzlsVGPSAZgBQVVfeXFMUGtCaDBGOEJHRmllNndicDM2S1FSRl94UnRFY1hzU3p3c2FveTBHaFVfbnZFelRwTVBSWEFtVFdTZ3RZZ1BBbTFqb2k2TDlnbWh4d0ZKS21uUzlaekN1MnVJcHlKRE9KeTV1UTFxa1ppQ3o2bjdCU0g3VEJOTk55aEdsSWxSdWhtbXNwVWFSVUpLQndJdmlxS0w?oc=5,2025-12-05 23:35:03,neutral,0.9372386932373047
LTIM.NS,Google News,"England 2026 World Cup draw: Three Lions face Croatia, Panama, Ghana - ESPN",https://news.google.com/rss/articles/CBMivAFBVV95cUxOMEJObkJiRS1ZTVJ5MWFNeE96MTZDb0NEZWQ1NnF3TU9kWnh0M3RSM2UwTXZFejhPbWF0eEhIbkFuUGF3eGt4M3V0UDB0WDZDODM0R3hsRy00TS1uYUhDbnRGSXJ3czFTVFhpQXRkLWNaWUw5bHhDSzRlSktrYkpNSm1RcTZrYjBwZzd1VnE5b1A1bFhhejh4dVJwWTZPUzhxVzlaZ0d3YkctdDV1MFRYUUpxTVI3cEtfTjZ4RA?oc=5,2025-12-05 20:03:37,neutral,0.8930521011352539
LTIM.NS,Google News,Lioness returned after escaping cage at Nat’l Zoo - New Age BD,https://news.google.com/rss/articles/CBMimAFBVV95cUxPdFEwaTZwZkxyVmJFYXNhZVdSdnJYLTNrWmpaOGVodm5lUXZYMV8tazRGYTk3Y2tqSWZFSTZIa2JETGJwaXI4bWRFcHJEZndyVTltUTRSTmJkZFJRQ2ZSOG9BZUt0MmF3cnQ5bEVBZVV3aC1VaVR1d080WXI4SkZLS3NJcmxqMjRyR1FpMVRxN2prX2x2Rjl6WA?oc=5,2025-12-05 18:37:13,neutral,0.8268770575523376
LTIM.NS,Google News,JOURNAL STANDARD relume and Avirex Rework the Classic L-2B Flight Jacket - hypebeast.com,https://news.google.com/rss/articles/CBMilwFBVV95cUxPZmVWOEpZN19oUEtjem1QWE1HbHgyM3duUlUtV3RyQklpaDZ5QkcxNTJwbzlnZkJncFlxRE9uTl9hNW9NYS1OUlA5a09qU2NkZHdnS0FRbVp0LVEtUUl3TmM4N0ZCd2pfWWRPdk5pQ19rWTNGLWpFWmJ2Tk10NFBfeDU2QmloN3Z6cUMyclRtLTktcDlwS0hj?oc=5,2025-12-06 08:00:55,neutral,0.9134927988052368
LTIM.NS,Google News,Elder Neil L. Andersen ministers to members in Mexico City - Church News,https://news.google.com/rss/articles/CBMiowFBVV95cUxPcU9MVHg1NE53Zi0ya1d3aDFJTFoyX3RYVlRXZjBpU1RqQzNySlZVbVVhcVUyMU9WSFY2enNNZmxGTnFneUZYUnJDN2pjMXNWX1YwM21uZF9td3RiaFA1UlFRenc1dW5MRE5aVnViODAwa2Q1amtqY1c4T0NxOXZuWFpFR3dZd1pEaFNYbUpSX0lhNkhURGtGTWZ2RmpYTHY4TmdV?oc=5,2025-12-05 21:00:00,neutral,0.9097571969032288
LTIM.NS,Google News,"First Alert Forecast l Wet Saturday, trending drier Sunday - WRDW",https://news.google.com/rss/articles/CBMikwFBVV95cUxNOE5sS3BGZlhXeE1kVGhUcTlEMWpEOTlRWUpzb3RNbUV1ci0ySnVUdWJKTVlJUDBHWUxMTFVjSTUwallPSWV2NWJuRmpkZkRPTW5Vajh4el8zUGNjOVcxVWxWTi0zaEdnaXlCTEt3YjB6UXprLW54UlczR2RtWTN6eTVjbWo0cERLeENKdF96VmNQZWvSAacBQVVfeXFMTl9OdXFtV0ltSXBFeWRtbGxLMXBsTHpOaHY3UzBCRUxPTmpqSWI3NnBucVZXQ24tbzNUNEx4d0QzbnM2ckZYLTg4dF93eG9xN19kWklEUENaNG1FX2t0SkJ0b2oxanlyQ0xtdFQ4XzdPYk1ZbFljNTNDdU5QZ29WTGRJMmlRTjk5dklBVzB0aXhKWUlJa2RYVWdlWkZQMWRTV3p0ejZlUXM?oc=5,2025-12-05 17:29:00,neutral,0.6857141852378845
LTIM.NS,Google News,Escaped lion safely returned to enclosure at Nat'l Zoo - Bangladesh Sangbad Sangstha (BSS),https://news.google.com/rss/articles/CBMiTkFVX3lxTE1RaFcyX2JHeWIzUWpTYjlIc0ZtS2tTdzNhSVBVNEJvSHdDVTN6YTZJYjZIbmpXTEhId08tX3FNaldWVmNDZHMzMXAtczZ2UQ?oc=5,2025-12-05 15:25:33,positive,0.5489206314086914
LTIM.NS,Google News,"Ruthetta L. Shupp Obituary | New Oxford, PA - Feiser Funeral Home, Inc.",https://news.google.com/rss/articles/CBMiakFVX3lxTE8yaVIxYVRfbE9LVTVUQUh2NXJGVkM5UFkyQ0x2bGhKNDVMYVExOUptdU9HYm5Jd3lnRU5WOGtLcWRxNjlaOExaQklIdHV4aGdIdG1ySUd1cVFsU2dDVTNTM3B0U0RibFdxNFE?oc=5,2025-12-05 21:35:30,neutral,0.9342607855796814
LTIM.NS,Google News,World Cup 2026: What to know about Group L - FOX 4 News Dallas-Fort Worth,https://news.google.com/rss/articles/CBMiZEFVX3lxTFBfbmRBTnZaNFdMSUVUNWRSY05ZTVI4MWxkZ0YwOHBzdUNvMkFrVFJrOTZrdXYxQXNYbDVwcVhTd1l5Nlp6d0FoYUpRZXJzTmFxUDBuSlR0RTJrX0s4bHJKTWdRNTk?oc=5,2025-12-05 20:27:24,neutral,0.9360813498497009
LTIM.NS,Google News,"Ghana Drawn Against England, Croatia and Panama in Group L for 2026 World Cup - News Ghana",https://news.google.com/rss/articles/CBMiqgFBVV95cUxPRkYtcVMxYl9wNVBtLTJnSTZRTEpSSmhHWTNZTEFKTW1zbG5aRjRPNGowREVkaThLNU1nVmlVbEszS3Bjb1h5OE5TQTJ6OEdYeWNiOXE5a1JDTUdqRVlGamdqZHZFVUV0WXJSejNWa2NlZnZGbEZERDZXNFZlMXlMR2h2MndXMVRkbTRWa3BYc2J2OV92RnF1RjJreTJEMW9BQTJrWWNJSEd2QQ?oc=5,2025-12-06 10:16:11,neutral,0.8453845381736755
LTIM.NS,Google News,Obituary: John L. Haney - The Portland Press Herald,https://news.google.com/rss/articles/CBMib0FVX3lxTE0wWlFVV29VRTZNaC1QVFFiXzNIc0NiODRkNm9rSlVsY3RNVmkxOW5tWmZuOWlORjVmVi1QLWR2T1FwZWQ5UjA4bnc5dmFDY0RHcjdXd2ZfTFkyN0o0S0g2dWJLTThpN3dYS3ZBMG1TZw?oc=5,2025-12-06 06:01:01,neutral,0.9200254678726196
LTIM.NS,Google News,Jenee Naylor Takes L'OFFICIEL To Art Basel Miami 2025 - L'OFFICIEL USA,https://news.google.com/rss/articles/CBMipAFBVV95cUxNS01GS3J2bTRicHNjY1R4eFFhRU81eWdBZEJwU19ZS0R2dFh3ZWJjYk5HaVRnVWxwLTFWTzBIRElYUUhPNDJYRmFtVGZMamFsdXJPcDRfM0FRYkMtd1lzT19LdHRCZVF5T3N5TldXbWJoMHJLa1hlYnp2WU4yZVgtcDRjY2RGM0owVlFfQmdXblNyeGp6N0otc2FabVloUTVDV0daVA?oc=5,2025-12-06 00:35:01,neutral,0.9339621663093567
LTIM.NS,Google News,"England’s World Cup 2026 fixtures: Group opponents, dates and venues after draw confirmed - The Independent",https://news.google.com/rss/articles/CBMipwFBVV95cUxQaGxXd0RhZWRxWExWLUplT3p3b1JMcGhUQ1lQZEo4UmFKQ2NFamotOGczcmJHQVhuaFB6cDYzYlpfWEdLOGdxMzJad2lvMk84TEk3VWNLUjFPNWNsc3NNbmVlYkVvZ0NLclExajhBRWJPYWdXcHZVU21fU2dSSk5sQnNLZUZ3THhoOUhQbV9NR0FmQ2xoakh1VVhXSFFoVVV2WjFsNVhuMA?oc=5,2025-12-05 20:15:00,neutral,0.9428222179412842
LTIM.NS,Google News,Robert L. Adamson 1957-2025 - tribtoday.com,https://news.google.com/rss/articles/CBMifEFVX3lxTFBEbjZvMU94aGhkajRUcmdWY0dvc3BUS1o3YWxDVmEyWWxfWC1mYTdKTUZhc29wU01BSXRpWWdwalJSSkZJQmdmb3dTLVRzWVVHUHdrTk44RzRZREl4UXA4YlU1WjVzMDZ6NmNGUW5rT3l1a2t4R3FGWGw3aXo?oc=5,2025-12-06 05:29:41,neutral,0.9463594555854797
LTIM.NS,Google News,Sharon L. Duca 1939-2025 - tribtoday.com,https://news.google.com/rss/articles/CBMieEFVX3lxTE5FSEh4R3lYcUFpSmM0VUhRbl9xN2VLVmFnUmdwTko1bVk2MWxjUXp0SmFuaHo4MDBvcDdzdmdvM2t2SDVoMkVRNG9UMXpvTDFDc2NhOFY4X3hiMmhINVdiclF1NFhuU182QlZWcmxZRXF4RlRuNUdDSw?oc=5,2025-12-06 05:16:26,neutral,0.9414663314819336
LTIM.NS,Google News,Ukraine’s VYRII Festival delivers with L-Acoustics - tpimagazine.com,https://news.google.com/rss/articles/CBMihAFBVV95cUxORm9HSlhvWVZPc281elBteVhlNmliaUFHQzI4RFZiUHk0ZDE2YXJPSHFLa0MxNVpZSDNnQjExeGVmaWRiTTNZZ3huNXVtb1lObG9jbERjeWhlSGFEMkZDTm9EemhBY3RvWkxFS1VwRTNacmRmcXpGNlpJVHFxc1lxWWsxN28?oc=5,2025-12-05 16:10:14,neutral,0.9012782573699951
LTIM.NS,Google News,"Youth leads nat’l movements consistently for justice, democracy: Asif Nazrul - New Age BD",https://news.google.com/rss/articles/CBMiugFBVV95cUxOV3Y1UUNMOXhfOGpUblFVZi1oMWR2MVBxaUctcksxcUl6VjIwOVZ0WHpPRzB1VVMybGl1SHJjRkREN0VYRWNjNnM4NmJ4bEczZXlHVHhob21OQzZacWktOF9YNTNpLXdYZ1J0b0lDd2xzck1FbEMwRWpmYUc2d2ttV2hhV1FnZVhwUWJsY0FvbHNsaW02WU5VVTdIU3ZleExENUpscjV0NDE2TGhNWTVYVTZmbkxQSTRvSWc?oc=5,2025-12-05 19:51:58,neutral,0.7986764907836914
LTIM.NS,Google News,Jerry L. Heidlebaugh Obituary - Visitation & Funeral Information - Crain Funeral Home,https://news.google.com/rss/articles/CBMibEFVX3lxTFBDZ3V2RGQyT3MyaWIycnhkLTFMVW1aSWFuV051T1lXcjdGemRzVktKdkhJeXdwd3hsWmxOOHhQWko3NlNiRmxVZDFIeTJwd0FmcmxuajNWOXlhSUR3NFp3RmRmU0xTUjJtbHBwRw?oc=5,2025-12-05 21:56:51,neutral,0.933834969997406
LTIM.NS,Google News,REPORT : Ateliers de l'Atlas 2025 - Cineuropa.org,https://news.google.com/rss/articles/CBMiVEFVX3lxTE1DS2FlQTFxVzVNbS1nTExSZnh2cTl5UnZpYXJRXzgtM0hCUTRyaWdnQjMwV3FDeThUblg5N3BoNS00V2tVdk9tdW9tVnNWRVN4azRpRg?oc=5,2025-12-05 15:08:29,neutral,0.9477329254150391
LTIM.NS,Google News,England's potential route to World Cup final revealed after group draw - Metro.co.uk,https://news.google.com/rss/articles/CBMirwFBVV95cUxOOGJUWWRwT1h3U1dBOWlZalc5N3lXVF9VMEJkRkR0YndiVkd0TmNlazhBQk11Rm12ZlpGRFV1TVpQMWM1aXctSlc1bjVGaXp4bnM5MjNQVEFlaktWV0t5VFJNdlZVVTRMdVctZHVWTW1IcURoTnVJM241cjVUNWJGMEZXTVpDMmlCSDFtTm01bFhXcXhENEdWU0xiVmVBS0pKd2lsOVE3eWEyQnYxSFhF0gG0AUFVX3lxTE5YVC1pNXNNUUctQUxPeU1LYTJ5SjdTUzVYVTFvckR1c0o3LXNuRmdSRXpBUDVoaF8yYTRPTUNBcnJSRGl1eDJWSUtDWWVRVnktUUg2aXA1Vm1uQU5vTzJLb1lOX053UGp1SDZoSWNybUlLMDRLVFdQeWQzU0J1TDlsWHNFVF9KN2FfSzRJMk9Mdnl1cU5TSk45MjdUeGRReVR4RnJ5cXZkem81ek9xV1NWZ0lNdg?oc=5,2025-12-05 20:40:00,neutral,0.9015317559242249
LTIM.NS,Google News,L’Oréal Paris' Women of Worth Salutes 20 Years of Changemakers - American Salon,https://news.google.com/rss/articles/CBMimwFBVV95cUxPb0wxYS0wTUdQUVpPdExGLWpNSHBxTmIzeWFaR1dhemNWRGl6NlhQdDV0cDA2YzBDczZPUmR1Y1dPZGw1SGNSYmhhRDN0QURRcHRwMk11WWE0dmNmeWpZb0lRTW1jOEFhRWNxZmhrTW1wYTZkb3JKdjdhUGtia08xSFVPTkMtUjg1WWVFVTJLTEphODI3Zm1mQWZnUQ?oc=5,2025-12-05 15:25:44,neutral,0.7433908581733704
LTIM.NS,Google News,World Cup 2026: What to know about Group L - FOX 10 Phoenix,https://news.google.com/rss/articles/CBMiakFVX3lxTE9fTVlhWnpHcGpXRF9hYTdYMmN5VnhvU0U4S0ZDUlg5OEtrSEFCT0lJODdrVUQzLUM4NnprR1Fub2FfcTZrQW1zYktLWmxicm5laS1kMUJVbHY1cjJlYVpobDRGa3RDS0Voa2c?oc=5,2025-12-05 20:27:24,neutral,0.9453129768371582
LTIM.NS,Google News,A gastronomical pit stop: 'L'Arrêt' brings flavours from the American South to Paris - France 24,https://news.google.com/rss/articles/CBMi1gFBVV95cUxQRjRBTF9Jbk9vN0RacXlTXzMwWV90MW15RlNUWXhTTUM5LXFEc0xIUWxWa1J2WFJpQkx1MnU0Vlg4SmlETW80cm5LZFRPU3pob0hycGtzbW5SUzVLOWpXOFgzcW1QaGhXSTllSTZiNUp0Zm03YWVFMEt0eW5kT0dEaU94bGJMS2dxZWE5ZmUtRUVlYUwzTllVOTdKNUxNeDJGellad1N3YjZ2MlFxa0t6dEpzYTAyT3F6Q29zNGlWWGJzeXZBZzdWaVpfOFJVV0NYRllmVWZB?oc=5,2025-12-05 16:07:04,neutral,0.8117014169692993
LTIM.NS,Google News,SCCM Enhanced Equity Income Fund Sold Baxter Int’l (BAX) Due to Near-Term Headwinds - Yahoo Finance,https://news.google.com/rss/articles/CBMihgFBVV95cUxNQzRYS29rQ1pOMzZ2a2JLOGstT3U2VnlaUlZBRkZfNEx1aWc4dlZCd3ZlLUxUNmE0RkN5RkdlZkdiWklTM1Y0X0phd203Sk9Vd2NjRHRuQVpvbmRTZGNhSkgtcU91eFowaHV2czBpWW5ZWXNENm5DSzF3dlNFWFZqa1RPRjF0dw?oc=5,2025-12-05 14:07:37,negative,0.9008991718292236
LTIM.NS,Google News,Ghana to play 2026 FIFA World Cup Group L matches in USA and Canada - Graphic Online,https://news.google.com/rss/articles/CBMinwFBVV95cUxNQVlrb3RKaTFpYjJoUFpfdkNZTGdSekdOc1I5emZxcC12ZEdzS0hvako4WWlmMUU0SEt5TlNEX2xURW5BQTdPaWdfNXhhNzZmX2QzN2ZzekpkaHo4aFR5eHk1Mk9qWkw2aVB5Tk0wOEs2dVp1TVU1YW5jTlRnZG5TVVZUZW9hYlh1UEpobW0wX0ZNUDVRWFZTTGdHemdGa28?oc=5,2025-12-05 19:30:00,neutral,0.9306600093841553
LTIM.NS,Google News,Azerbaijan's Baku hosts Winter Fairytale int'l rhythmic gymnastics tournament (PHOTO) - Trend News Agency,https://news.google.com/rss/articles/CBMiX0FVX3lxTFBSSjFYQVRCakdpdG14Y1pLWG9RWndUS3VBdWUtMXFtZzdaNmVjV1hYTlVkU2F3NmVjWU10bnZYSTdfazlCa0lnaW1ra1FjSVZPM0N3eHB5R0trWHhqc0dV?oc=5,2025-12-06 12:59:33,neutral,0.9235610365867615
M&M.NS,Google News,"Mahindra XEV 9e, BE6 Get Benefits Of Upto 3.8 Lakh Rupees: XEV 9S Effect? - Cartoq",https://news.google.com/rss/articles/CBMijgFBVV95cUxOZDM2R2Mtaks2c0FXQ1JnNFdaOHVzT0hVS2JMY2Q4SW55TWZTMzFkRm5sT3lmMFlVMkpkb1JzaGxhQ191Mkh1VnZLM3RMWWRLNnlZMUlZNVZ6ZWFCX19WZnhyZGxwVmQ3U3ZqTlJnSnRSeUFBX3Y1UXFXV0lQR2xJNFIxbmVRX2h1VUlOb0F3?oc=5,2025-12-05 14:44:24,neutral,0.7900602221488953
M&M.NS,Google News,Video | Mahindra BE6 Formula E Tech Review - NDTV,https://news.google.com/rss/articles/CBMieEFVX3lxTE1JM1hsREY4c0RGZkMxbmxCa1NpcmNwV1V6RDRkdUQ5Vjg2S0FJcHlyR2UySWVaaGpjWXJBRUFjZzI1bVBpVS10NmpxUVJtY1RQOFczb2d6NW8tT0RLTV91UVd0NXV5Mk1TUzROdzBBZUloU19JXzdfcg?oc=5,2025-12-06 02:37:57,neutral,0.9335947036743164
M&M.NS,Google News,Varanasi's Mahindra Kabira Festival | Timeless Kabir - India Today,https://news.google.com/rss/articles/CBMixAFBVV95cUxQcUoybUpVZ3pNM09OSmtnNzltYTZCZ3hEcTkxMFVMaUhTYlpmQk11Zjh0d1BCUmVadFRpZF9aN0JqNGZ1MXVYQThFX09qaGxQcGZOeXk3NXluSFdpNUZXcW04WnlCTWlWMXZOQUV2VThJUVgzSndGZ1hKX3Vsck9LZkI5ZFprUFg2dHlTNUpLYTd0Sy1YSHZkZzVMbzRXaG1FaTdGQXpfem9mb1k5ejJlZkxZSmRTb0ZvRWp5Nko4U1VUdHdS0gHKAUFVX3lxTE1HN1ZUd0VYS1BlRG11dHBGWHdxVDl1ZVV3Tm1hYkFJSGxQbXZqSVN5RFJpZ0E2Q0ZPVHZsODB1UW9fLU5hYVlJYWNHcXE1aEYxUUVGeGN4TUFidW1uazF0dTdEcmUtb1g1aTlyNlBuWVIteEZhVmU5emxPQkRiLXpHSVNMdml5U3RQNGJ0bklEZEdnYUtDb1NTRFJKbEFfMXdGY0dzWGVFak5Nb0luRWhnRU5kNVV3V3VOajhRTF9adG5NZTNrU2czRmc?oc=5,2025-12-06 13:28:26,neutral,0.9191033244132996
M&M.NS,Google News,3 New Mahindra SUVs Arriving In 2026 In India – Key Details - Gaadiwaadi.com,https://news.google.com/rss/articles/CBMiiAFBVV95cUxNSlM2a2FkNElvbEM1bXpfV2JlcVotalF4MTFVMkNCWk1udF9JWjBxQ3ltMXJPN1FDckJYczJ1U0FkUlhRT2ZlWmpjWklkcFJmeUgtSGk0T3RwcEhvbU54aS00TUhuSE5DenJ3aTlYcUV6NEhfWGNDNkI3ZmtWWFVmSnpld25mejFH0gGIAUFVX3lxTE1KUzZrYWQ0SW9sQzVtel9XYmVxWi1qUXgxMVUyQ0JaTW50X0laMHFDeW0xck83UUNyQlhzMnVTQWRSWFFPZmVaamNaSWRwUmZ5SC1IaTRPdHBwSG9tTnhpLTRNSG5ITkN6cndpOVhxRXo0SF9YY0M2Qjdma1ZYVWZKemV3bmZ6MUc?oc=5,2025-12-06 11:42:14,neutral,0.9446456432342529
M&M.NS,Google News,"Rumour: Mahindra BE 6, XEV 9e could get a 70 kWh battery option - Team-BHP",https://news.google.com/rss/articles/CBMikwFBVV95cUxQaHNtVHVqd3JhT3lpMEZydHNuQjNUNmo1cEtvQVUta3JZTUhnRHV1ZjhkclZYbDdacjlOM0FmbDVndmpUVTBtWWhIb2hJaWNhQXZ1MVYybk1XdWtneWNwV3dKd3RrNnRjN1hfbDhVZFRLYWZkZVMxakFJSXM0WWZnS3RyWXRfVnRNeldkN3Z5LWE1bTTSAZgBQVVfeXFMTi1kcTVBejB3aFN1Mm10TDFRdEkxWk9DMUprVUI0OGxLM3BkdjF3a1NHOHRscjV3T0RJOTRpMG8tRDVWTmFkMmN0UnlsdE56c1FhVjVTc2IzSHh3Qmt6N2E1ZEdDTHdYYlpma1RFUDBPaXVVT3NGRUtvZndaX014LW1KUmVvMVMyNFdPUm0xZENUc2ZMMFNaSTY?oc=5,2025-12-06 09:03:06,neutral,0.6665474772453308
M&M.NS,Google News,Exploring coastal Karnataka with a Mahindra XEV 9e: My trip experience - Team-BHP,https://news.google.com/rss/articles/CBMilwFBVV95cUxPdDhhMUZUd0s5Tjd4TUZtSy1BNm1ONlRTd2lnWTVmeUYxWXpRSWVWTHdzOTl2NG4tWmQ3djJDRU1vektHdkFzTFRZWjhtTGYyaXZJMDJoUHh1MkZ5N21IcEs5UTk1SEJGNEdVSmk3d0N2eDdwZkpRMkQxTG9RZk1VTDlNVDB3WEFEWFBJb2ZWQllSd19YbFBN0gGcAUFVX3lxTFBsc1NnazA1SDBuSE40dUFOajBOb3ktR2pGUE5wRDlKS0EwWU9iZi12alhjOWVKa0lucWE0ekNRZWlGQkVHZ25XeGxZM001dm80c0M3WFlrZGxoMVdlMzNoLV9OX21rTlFyNElfemgzVF9TMW1lNXhoY1o4LUhXVEJsVE83UVJEa1h3Y1ZldGpCSnp4a25fd2l1a0pBaw?oc=5,2025-12-06 12:30:00,neutral,0.8434934616088867
M&M.NS,Google News,Mahindra sells a 3.58 per cent stake in CIE Automotive for €119M. - Manufacturing Today India,https://news.google.com/rss/articles/CBMif0FVX3lxTE9WblpqMGpSNU5mMnpBTXBxSUlwQnNKRWNVVVR3N3NKZUNEY2swTnNLVTdFWjFhSmU1bEVJanVJRjV2MlNkeVI2cmxWeHVweXBHREYwS2FsMnB5ZjhQNEtfazVnemE3bDFra19SNjB5WG5SMGxsT3ZhRlk3WnhOVFU?oc=5,2025-12-06 07:20:01,neutral,0.9422842264175415
M&M.NS,Google News,Jeep Meridian vs Mahindra Scorpio N - How Do These Big SUVs Compare? - Republic World,https://news.google.com/rss/articles/CBMiqgFBVV95cUxPalZyME5QbHNFbjBDSHlFVlA2Rmtxb0hybmVsanRXOXllZF8yajl5Q3U2a1EwV2pxY1N0OVhFRG42eExES2RCRkdMbnQtZXJDQ3Vvd1Z0aWJQNzFCTS04a282dWxzZ1lHOExCOHkzTjh3S05DNDhTOTlSd2l4Nm5qTzVEXzZrcVNYSW5fTmJYcHR0b3R3NXBCVDROSHNDdVdQVjdNRVR0MFFyZ9IBrwFBVV95cUxOdmdMQkd5bUktWi1Sc3NoU1N2c1VwU2tkazNpLTFLZzhPVUI4RlVFV0E3a2NHNXNqSzBpRHdkbHN3RXA3OU9ISWtYMkIzSWJuZjRFVVlla3pTOWhOMlUzQ1dWM1VTc0wxV0toZXM5dGNScnY4d0Q0V21iTEgwbDVTR0s4NzVuejNhUmdzS3VPZzRPcWs4dXdnc2pta3h3bDhxUWhNZlVQckhseEpZc05B?oc=5,2025-12-06 10:02:46,neutral,0.8227482438087463
M&M.NS,Google News,Mahindra’s BE 6 and XEV 9e May Get a 70 kWh battery pack: Big Mid-Range EV Upgrade Coming Soon - Motoroids,https://news.google.com/rss/articles/CBMiuwFBVV95cUxQbFMtWlVoTmxXYlRMY25nZk9GUmp5Tmw4aG5wZXdtRmJqVkRVOTdwTVZJcXNvaGxnQ0g1T01YZWtxbFVGb2VMblRRSTRWSkFuUVc2X25peDhVTFBZVkJVYkVNMXBlOFA0cElGY0N1aWRzcUxmcEp0empzVElmb1NPVXFFcFdzUkcyUkF2M19MbUFpXzNKcllqNEw0U2k3Z1Q0ajhfeERyaFo3X1VnbGFDZGVOb1NvMnNUZkFz?oc=5,2025-12-06 10:42:20,positive,0.7181273698806763
M&M.NS,Google News,"#CNBCTV18Access | ""The days of lazy banking are over"". As Kotak Mahindra Bank Ltd. marks 40 years, founder @udaykotak has a clear message for the industry: banks can no longer afford complacency. “Banks should not think about themselves as banks,” - LinkedIn",https://news.google.com/rss/articles/CBMitAFBVV95cUxPYzBfNno3N0xlRU5PYmFjeEtfVkUyQkNyM05wMkVsUElTbkRHekR1Nk8wandEZHd3VmptaVItZ1V6aU9XZnQzcmE1elZBaGNONlRVejlqQnEyaTMyYXNUYXF5NXZuc01EUmw4WHRQd2p6YVpFQ1ptT2k2Ym1maFZsS0FKOGQ1d28yZlVGSE9iMTVKMFRRY3UxR2RqNHdBZFh4R2MtUzB0NzJYaUdxYVNWYkVKQXA?oc=5,2025-12-06 12:12:29,neutral,0.8703110814094543
M&M.NS,Google News,"Pune: Youths Stop MSRTC Bus With Mahindra Thar On Pune-Nashik Highway Near Manchar, Beat Driver & Conductor Onboard | VIDEO - Free Press Journal",https://news.google.com/rss/articles/CBMi6gFBVV95cUxQM0FEZ3dVTU82eWwyQkNqRFlFTzk2R1FCazBKTlVITldXbHZQSllNM0k3U2I4ZTZJN1dIbUZORnFaZWtKdUFCSnItYnNfR1JpYUw1VkMxclgwYVJLQWxoanpzdHllbmNLVEY4ajFpQWpraTV5dGxFNEk0ZjRTNGhDN1Ztd0Q4VExQbmE0Zm5fMXR3R2t0c2kycTZwMW1TcWxVVVJabGRLMUlYdDlKbjlDdjhTTjJ2N0RFTWJ6cUZaMTU3OG8wMndaU0pJV0U0X0ZJbGpULTNHRWx5a2k0UXRoYlRVN2MyaVhwclE?oc=5,2025-12-06 12:24:54,neutral,0.9231039881706238
M&M.NS,Google News,Mahindra Scorpio Adds ADAS Suite And Drops Cheaper Variants For Australia - Cartoq,https://news.google.com/rss/articles/CBMijgFBVV95cUxQaC1BLWxTejZTSHd5TjFNWmdLSUxVdnlMQUxSQjhfTlVJbVBzMWlSSzhNYVdsVlptbXVwR0h3ZzVzNUFCZi0yZXpZT3RudjhFQXduSjRnZE1RekFNX1FfOGdRWnhDWWhZUUtvTFNfYmhlOG96T1AtSmpRcXVDZWxGQ0dUZ1dvLWNGeWxjSmx3?oc=5,2025-12-06 06:32:34,neutral,0.6313208937644958
M&M.NS,Google News,I am confused between the Innova HyCross Hybrid and the Mahindra XUV700. Which is better? I want com... - Autocar India,https://news.google.com/rss/articles/CBMi4gFBVV95cUxPYWpic0xKN1VvT3dDcjhwVmZWQnl6WTFPWmRSOHpOLUtteXE5YzdnWHV1VGF3Z1RuNEEzMHlFTDN5S3BCZWFGZnBQajdTMkFJU052UDlzMEZNREJ6Y0YyY3UwTGVjRGx2MS1ELTgyUW5DTklCc1JxajBDZ1Rqbm9rX1BkWi1NVmVxQlpiSmFLTDlnWWNNb2VhYVRYbkxFYlhreXNqQ1pQM0EzZFluNm9LNS1DWGUtUEFySExxTGVSMUxLVVdaMmFwa0Q1TGRXdWltdWdFNHd3VlJUWGZteENBb1hR?oc=5,2025-12-06 05:30:00,neutral,0.9038697481155396
M&M.NS,Google News,Mahindra Logistics locks 3.28 lakh sq ft lease in Telangana — a strategic bet on logistics expansion - The Economic Times,https://news.google.com/rss/articles/CBMinAJBVV95cUxNN096OFBrZ01HZWlFZU9lbmQzeTh6UXF5RGdlZS1HMG1VUFN5aWZqcWltbEJkazJ2UUJSR0pJaTVpazVJZUJXU2J1NGI1SHhTdjR3NUh6TXlqNzhqZkFvNlFsWFJVU2t3dUR1TWdfb3pmVXNMeGo0N1h3dnRGZ0hsQmlKTmFmSUR0TDNDTFBYaWFmZmxGOTFtVDZZYk9CaEJsdURiOTZDVTBWcm5SWmRreGFwejRNR3hiRTRIY3FSSkU4NHpEUV9jdlZ4Wnc0NVpPV3Y4OWw2cWZrdDF1dEY5ZXR2dVpxOUhwVVdBdWx2RGZBeEszUEpuZnFCdGtJX1BqVmdiQ3pVYzlXUkdGcGNtaEV0LWNzczVGeVQzUdIBogJBVV95cUxQR0NQQnE4ZXI0a0FwZk1oUmFiY1dBb21ST3lsWTltUkJyTVpLdGZGaVdMcUFlNVZEaS0xSEw1Z3BHblVKR1FFVTh2YjVtMm1GMlJSS0t1NHFvS3VNaEs1VVRHVUV0aGF5YmFCRVNEc3ZuYkpkaFhRZXJuYzZrSjU1MFZvdi1tcG1LZzl0eHZYcEZJeTRVNDdWS0Rrb3pVOTExaXJ2QzRWZFRWcG5oMllVUFY1cHZpODBhTUtTYnVJQ1p5NC1UY04tQ2VfMTRjSU9ZcU1ueEFrMmw3c1JwQ1NnQnFId0pNcEl4RXRrZmdKNllyNnhfVUpBRFBkQUpUTWdqQWtHM1lzdlRBQXhta2lCSmR5Z21haHRwMXduU0d3Tk4xQQ?oc=5,2025-12-05 19:33:53,neutral,0.6924154758453369
M&M.NS,Google News,"I’m in the market for a practical electric SUV for my family, and I’m seriously considering the Mahindra XEV 9S. My budget is around ₹20–28 lakh, and I live in a Tier-2 North Indian city - Cartoq",https://news.google.com/rss/articles/CBMikAFBVV95cUxNZnJQbFI1YWRNR0o1d3llU2xab0hHbUdjU3JhSUlnR3dzcXd6VWlkbHlxZUFGRTZIakY2cG5fcjlEdGlwMTRTeUx0dGlaOXplY1NPUmpQVjFzOFBQZC1mbUs1czZjdVlkUHI2a2lkR2F6YXV6Y1luaDRma1BQZXlkSXctTkx1VGs4YzhoV2p0cW4?oc=5,2025-12-05 17:55:47,neutral,0.9057734608650208
M&M.NS,Google News,Rs 3.25 Lakh Discount On Rs 17 Lakh Nexon Rival! - MotorOctane,https://news.google.com/rss/articles/CBMiiwFBVV95cUxPcnFtQTB1T2NOem5UNm00MHA0bjQtbTQtZzBzTmRsWkR3MTdFTjM1Uk9OMUZKWHNqQ1dWVF9EQzd6TDVqajFObGJvMFBweVdSTGpGUDRlVF9hVFk4S3dndVp3VVJSWHVwdWFCTWFqR25DRlgwa19qQmdVdHQ2eEQ0VS1XWXlNU1Y5ZENn0gGLAUFVX3lxTE9ycW1BMHVPY056blQ2bTQwcDRuNC1tNC1nMHNOZGxaRHcxN0VOMzVST04xRkpYc2pDV1ZUX0RDN3pMNWpqMU5sYm8wUHB5V1JMakZQNGVUX2FUWThLd2d1WndVUlJYdXB1YUJNYWpHbkNGWDBrX2pCZ1V0dDZ4RDRVLVdZeU1TVjlkQ2c?oc=5,2025-12-06 06:30:00,neutral,0.7364610433578491
M&M.NS,Google News,70kWh Battery Pack Being Considered for BE 6 and 9e - CarWale,https://news.google.com/rss/articles/CBMiiAFBVV95cUxNa0RCbE5xT19OUUJETElRNEJMRW1RcjBueXk5eWZ1VEdaZ1F4RWI0NHc2cGtwZTdqY0NmQ1QwaW9iMTAwdnhQdU9zTUNtNkp2bnlVclZlc2JpSUM3bjNlOFBvbURkaGttZ2hrdmlhN0ZiNlMyUV9VQ2x2T0hrY3hfT2tmdkhxakVN?oc=5,2025-12-05 16:46:08,neutral,0.8679788112640381
M&M.NS,Google News,Tech Mahindra Expands African Presence with New Rwandan Subsidiary - scanx.trade,https://news.google.com/rss/articles/CBMiywFBVV95cUxONm1OcEUwUmxYSW5vdjlkVVpldktwV3BIOWdJVHlDU3E2WFVoWEhtY0ZueDN5VVZRWnhzRjdKUGh1aHRhNXk4Y0xuNTNmVkdBWEhzUWhXV3kyRkN0LWFzakh2Z1JHMnR4eEJ4UDNNMUhjLTdIbWZsUDM2NXQ3Y3l0NDMzbHdic0JFOWNpRXh0blNZcG83dlRPeU94OVkwYU9COGRUMXo2ZWlLUDNrY0piczU3THIyRnNWYXlUSG9QZEtuYkpCd3JoNmdhYw?oc=5,2025-12-05 13:47:42,positive,0.8323515057563782
ONGC.NS,Google News,Why food fried in reused oil could expose you to higher cancer risk - Times of India,https://news.google.com/rss/articles/CBMi-wFBVV95cUxNd3dvV2RxYVVRM0ltRkRySGd6Y3JyLThfZ0lnZWdOQnBFT2xmcDF5OVFCbU1ySFhkVjJ4ZWN0Zm05QTE1QXl1YnhucVM1VUltbERDRUxsaW4zR2w2VTBLd1hzT0N0XzZCWS1WRnhtcU92d3h4bm9Ob2stVVdtV3gxQkxxYWVtSXIzampOLXdqMk5QOXlWcGVpaUl2ZWdMN2hxWHhKZ0J0ZWt2bEpSS1Q3RVdpYjlGS3IyTWlPZkt3aERMeTJRNVh5cDNhZmhsZV8xRTd0UDViTVRWRDRxNk45MldlaHVaS1EzRDliUFRaSFdGVWRBWmwwa2VkQdIBgAJBVV95cUxQdEY3Ukt0Tk04aXFBRFM5UzRhRkc4SlpLVGFKaGVpX3JkMzlmUHdHLVg2aXFwOVRIYVR4X05WaGtBRnctenVUTnU4QWlQTGY3eldWMkNCSjFwN1B3MHNfY21ZU2Q5MTZ1OHlacGZEbkd5dDk3cXhVVUpjS01NMHl3UGZ6eVdtYWVvbU02aFpnQU5kcWVzclVEMk5yRFhjcGNhTDhBaHRjU1BtNWdUVUZhLUM4eUhvWkNFd090YnlrNGNlZU5iQmJvZXl2Ujc4bG9tckh4RFVoenQzOGswZnA5MEIyOGFaVHdOMlJMSUd3STJIUjNUbThDY1E1OUJHNWg2?oc=5,2025-12-06 12:40:00,neutral,0.8802356719970703
ONGC.NS,Google News,7 Dental Health Benefits Of Clove-Infused Coconut Oil - NDTV,https://news.google.com/rss/articles/CBMioAFBVV95cUxQWDYtS0YzeC1IME5PNWxFSlNkTDk3WUZsbnpaZkxNcjZWV1ZVSC1UeXZDb2F1dWVBLWJLc1g1NzVldlVISlJwSXFxRTdsWTFYS2NXTmpkaThmQnpKeE52dHM5QU5Hem5ySmluMmVtZHpoYTlOV3NYYU5abWhac2ZfTTJrQjJ1emNqalY0ZWU4T1VlTWtyWXFXVFJ6YTk3Qkgx?oc=5,2025-12-06 11:11:56,neutral,0.8616249561309814
ONGC.NS,Google News,Oil Higher as Market Watches Russia - The Wall Street Journal,https://news.google.com/rss/articles/CBMivAFBVV95cUxNb3lpZUNNSHJiUDRWZm5BN0VIOENOeDlwcHNRak1yNDNCRWt3ZmE0MDlMenJZWkNMaEl6bGxZc3pueGxtdFR1YnFBbU5qcVhZaGttU1A0R0piOTV1ZnFYQndNOFBYYS1KQXNKQ3MyM0R0V3BnQ2dEUUtoM3lsSmRkNEhUYUxLOHg4VDI4T0szeTZHcDFXQjJOMkMtSGpNZ3M2SXBTWS13RnhCcGhXRGkxdFAzN2lwcnVNUldvZQ?oc=5,2025-12-05 15:03:00,positive,0.8422271609306335
ONGC.NS,Google News,"Russia’s Vital Oil Trade With India Is Down, But Not Out - Bloomberg.com",https://news.google.com/rss/articles/CBMiqgFBVV95cUxOY1FyXzd3QXc1YWQ2RzNZZEtrRjE1OFk3REFZeVBGSi1KQTNGS0g0ekxxZThJRVJrZGNpSVF3WnJWVnVSUmZKN2I0VmlFTFNuWTMteWJvdXB3WmNHOXBTZVRPd1AyTEFoUlJLLWk5cWllVUtIZWI1V0hyMHh4MlZBSm5UVU83dmhkeUFSSUc1a25lSThOS0oxNWdxLUhTSTJFdHg1QmhQSmlZdw?oc=5,2025-12-06 01:00:00,negative,0.9599918127059937
ONGC.NS,Google News,"Calcutta High Court Says KMP Coconut Oil Packaging Looks Too Similar to Shalimar, Upholds Injunction - Live Law",https://news.google.com/rss/articles/CBMiiwJBVV95cUxQbmtRRTg4LWRPMjZkaUU2ZENmVG0yQS1JVXVWOUk0YVRkNlltRHA1REVfdWl3YmVwR3hGRGtwTW5Zb1pqTUxsRVotSHB2cVRheDJTVUtSbXc4ajB0Q3ItZE1xZHR0N3pVVnVmMDZNWGo3VFB0UG55RldUekxRMmFOX0NVeGlJRzlhMXgwempOMjVLT3NjWEROVklhcEVvRzBpZVNLUHpBWUVlRktJX1l3aHE4bjVTQVVfOHliWUtBdHNqMFRjZ2Z5RGo3WTBBMWV4NGJ0WVZmVHluUENtTDRmRlhQUGN0VEZSa0FEajVrekd2SHBKZXRxM0I1S3A2aUQxd0c1blBfM3hzd3fSAZACQVVfeXFMUEpqUVlZaVRNZnhnY1pubzRHZDUzNUlHdTBJV3FDT3E4bjk3YXdRTksteFExN0pZSTcwTmF1R2Y4RDhxVmc4MThPUUh2S25OYlVSS19YajFuUC04akJpVURKSThDWUE4bVpRSENyaXhHTm9ybGV3OU1mTDZ5ajNUcFUwY1Y3QTBqdFM3OGhuUVpsT0o2VUV2RFVTT05oM1Nta1FEYVlNNkdHZnRxbkNrMHpjaW9vUTRLbVlDZUVnVlpNNzBGVU9HamR6cm5qNllhMHpqWVM3d1EyUTl2RzNZWnJwbVdkY2taSlRybXI5bjB5d1J4RkMxaF9rWTlSWEZBTWpEZ0Jfd1FRa3lDUGJySEk?oc=5,2025-12-05 14:29:23,negative,0.72800612449646
ONGC.NS,Google News,How to make the perfect hot hair oil to warm you up and grow your hair this winter - Times of India,https://news.google.com/rss/articles/CBMi8wFBVV95cUxPU3ZOWVFTcGhIbW4tMzNucHRjLWxsdlM2djBxWjVuRG0weU93N0dJVEpBLU1kb1BESUplbFp4dk5SRkxYVFlVeTJYd3V0bTdNd181Q0xQUmVJR2ZtbGJtNHBUQmpicFNRRnFVSTM5akpsdHRiOW5USnFubzlqR1R3b3ZQUWFrUnZVdGtJVWxxUTMxWmpfbnNvMTB4c2YtcFQtZjViWE9iVlhaeFNycDk3ZnVkdzVtbHFmRlZPWFlISF9UUnBrVlNBLUItaFdBbGhpWGk5b1g3cWRHTUktdWZCNzBnNjlhYmlKZlUxZE42M2NwMkXSAfsBQVVfeXFMTWFJaU5pSlQ3LUhQYjRYZ0w1WUZDMXk4UHpxUkRwcFNBMXZXWnVqV2dsb3Nfc09ueU5HN0ZGcjdVUjNpYURvM25nNXFzWEpxdzJEazEyOVlDQXhRSFR2SFprdjV4N2FESVFxX1htaHFPVWFfR0NfNjlrV1RVdmFWOTBzQUpCSm1UR0ZMd3RqYzEzc05lU3NMN3lnb2dBb3hUeFVkZk9jSDhSYkFqajZUQjA5T19mdXpINVQzc3VqLU4wOWR1RnNYRV81SzY5YzBJNk0wYWVueFVBanhuZFlKblBJWlBGTUNTcW51Z0lfSjdMZGx3S1podW1zYUE?oc=5,2025-12-06 09:39:57,neutral,0.9181153774261475
ONGC.NS,Google News,"Oil climbs to 2-week high on Fed rate-cut signals, supply concerns - Reuters",https://news.google.com/rss/articles/CBMixwFBVV95cUxPM3l3c2J5QUpqTlI4cVJrc05qUXNHZmxJNlhfcmR3anlQTlRZVWphUHJQaFFZbzdCSncyODI0OUh6ak1FUld6VkExRnBMWDZ1WmN0YkhvMzR5MV9RT3VBNE1SenZGQ1hqVkNqTG92TG94OXhLZGxuSUh0bUp0OERadE1iazJxckxpM3Y0ZlFSRF85Y2pHbWZ2WlJiRUhUbU8zcTBQUW9ubUJ3UUlESVdzT19laHc1d0xGRDh0Zmx2TXdGVUxjeGdv?oc=5,2025-12-05 20:20:37,positive,0.7996591329574585
ONGC.NS,Google News,"Russia’s Oil Flows To India Set To Drop, But Trade Still Holds Ground: Report - BW Businessworld",https://news.google.com/rss/articles/CBMiuwFBVV95cUxPMGFTbFliUGEwSi1IV00yRVdYLVdMdGlXN256b0VYc1VCT0FFTUUtSFZkd3lOU3I2ekhtblhSOTNhTGdPblk3TkJrV2tZVXpzSENuZE5aTXp4SGNfRmpDeE5XTTBpQ2ZKSTVNV0lSTWI0QUtjMTBsX29xcE1UYmxpWEdXRlVLb2NJcENrTnJySGIwODREbmJDV3hZNm5RTGpYTFlqM2pLaGN3bldkZVJsS0NxUUF4dlc1UWIw?oc=5,2025-12-06 11:02:16,negative,0.9413650035858154
ONGC.NS,Google News,Maduro says the real reason for Trump’s Venezuela fixation is oil – is he right? - The Guardian,https://news.google.com/rss/articles/CBMifEFVX3lxTFBmM2F5bGwxcUVlRFA0d0dwaWt4VGhZbEdRSzZnTFhWaEJnSW8tSngtOVBvRXdTU3MyYUxDUDlHazRoeVZ5Z2FRZ3pwZVE1eG5oeGlJSk4telFMN2VQdjAxWGtrOVdieGJmdXFMbnYxTjFLZHFfMllnU0tTeWE?oc=5,2025-12-06 12:02:00,neutral,0.894555926322937
ONGC.NS,Google News,"Beyond oil and defence, how India-Russia trade is set to reach $100 Billion by 2030 - thepamphlet.in",https://news.google.com/rss/articles/CBMihAFBVV95cUxNLVZ2ZWlYbDZVTC1RU3RWVGR0b1pGZzd3QjBBY2RjZFJXZmpPN25pWkNsSzFqZE81ZWFtY2tSTlRCWHphUi1QVlRnNERhSmJOekU5b1hOdi1YNW1BdVJtYTBnYzhPb1lHRE85NDNIYk1fQUVjdkhHc2tkUy1BRjVmemdrTno?oc=5,2025-12-06 11:39:03,neutral,0.8337478637695312
ONGC.NS,Google News,"EU, G7 plot full maritime ban to choke off Russian oil revenue: Report - India Today",https://news.google.com/rss/articles/CBMiygFBVV95cUxPYkQwZ0dILXVQcm1fa01ucDRKcWRvSmJPRXJEd2pMaWtHMFItdno3THl5S0kxbVE0WFA1Mzg2YmVRRmV4QjliaE9LekZXNUgyb2pBLUpiUDBfWU9rYnJBV1F4VXUtREs1OWxiMFhQU3JnZ1pZVlRRVnQ5UHpMTTN0bnZvVlI5SU5VejZSVmhNbzVydzVRSlBXVUs1UFV4S3NMQUw4dHIzVEE4RXhrUmJTQnBWTkJxTWtFRnR3U2ticHBJQ2FOQThRWFdB0gHPAUFVX3lxTE9sLWc0a1FrQ2RPN1IxN21UdG9MLVAtdXg3RUQwd3lpcV9ydHpVa2FvT3JZamM0YWpyWVdDVU8wNi1mZHRBaFRKeTFCVElwdld1Q2NfQkpZcWVsSlpjQlBLek5paVFrSzZEa2xWNU1KSGlOdkE1UHQ5LUtSOFctZEt4QlJ1YWI0SGtqV0Z4YkhORmp3OEtTdUViVGwtN21jcnpMR0NzWVBrZ09mRFcza244NUlHREpvR01KaHVjOTdCdERuMWxJMGJ4VWo1dlYtaw?oc=5,2025-12-06 01:32:54,negative,0.5046619772911072
ONGC.NS,Google News,"Russia’s vital oil trade with India is down, but not out - BusinessLine",https://news.google.com/rss/articles/CBMiywFBVV95cUxPa3pUczFGTnpWQml0YTFCbXpXYU55NjhhN1dqblp5Z0VEUFVzMXlNc0VOTTJMdGM2bHVpelFOYkkxRVpVWnlXQXBsWDVsSnNKN2pDdVpIUUxWU29oVFRvNlNlY0ZjX25zZXR6UlBkdHcxS3BtTEdoMGItS1NuZE90ZlRkQ0NuY1BSNTZjaENSMUZBY2ctZ0R3V0xEY2Zud2NmaWN5eFh5RUp0X0J4SnFSLVJDcUFiUDFPbkxSSHM4TnBlTllJbjAxdTQwONIB0gFBVV95cUxPUjVoT1BfRFg3SDNFeE9IeXJwa05OSWJzc09BN3ZsX0pad3hJN1ZVR1dlaGNoM0FITnR2U2twNldhMmw0MGx3QXg5NVdJemRFZklfNk1CNDBSSWZ0ZDVpRFFNaUh2LVRmLWkwODY2LU1wMnZKWmdnU1R1NFExekZ5aS1nUkt1VEJCeXNxWFZDcDh6Zm1lcTlocHZkejEtRzFIaC0yUFVpbno1RWdhYnBpMEk2QzR1TWh4R3BVY05ralliR2VwQ1BJeFhrc2FiVlV4QkE?oc=5,2025-12-06 04:41:33,negative,0.9720295071601868
ONGC.NS,Google News,Oil prices surge to 2-week high: What's the reason? - NewsBytes,https://news.google.com/rss/articles/CBMioAFBVV95cUxObVJLeTVxT2MwRVFRRnlWOEdGYVNVZFhDcm5kbU0xMExiY2d5bWY3ZWRjVU0yaUZKOVAtU1pad1JvWTFVc2RwczcxVUg0WWVQMVhpY0k3Wkg2RGhIWkRDc0haeHFWSjhoRm9GeFZPV1l4NWZtYUtIV1lsZlU2X2FlR3ZYUEp2dmxsd2NJTEFGM19pbGtvVkVfT0p3ajlZelJj?oc=5,2025-12-06 09:26:59,neutral,0.7867723703384399
ONGC.NS,Google News,US ‘hypocritical’ when lecturing India: Ex-Pentagon official on Russian oil trade | India News - Hindustan Times,https://news.google.com/rss/articles/CBMi6wFBVV95cUxPYXRyUlY4cGRqTnlVSlZsWUFuUDJEVnlVcWtIVFJjczRiRll3SWZXVnJwR0NxajhTY0NuVzBMY2E2ZzhxbU5oMzMzSWRXaHFudWxrQW1QQjBQTHNmcThPN3ZVaXJRZ1d5MkJ1N251aVNQOEh2UUJLM2ctMkY4b0MwOUhXZjdpemdGSm9IblVyalRpWHcycmZJVmk0dHlkT2NFajlTazBzdHNFNmdzTEFSSGp2dGF6dERPYVFMUTk2T2poQWl0SFFpTTdScEFSblBObU1rWkhUQ19ZRWxDWnllOF9qTEZhclpxYTdR0gHwAUFVX3lxTE1pRjVPVmU5OEZfeEhsVmMyd0w1QmJFLUN6UHJ2UGpSTGhzVG1xTVJ3TGdmUm9KNzl5alJ3ZzFPWW5SWDdOOThNeVBLUzh3M1FRdXVoODZnQl9JWjUxZXZFUl9OWGgyNmF3VTNhZFRqMW8wQ1BQdUZRVUJidXNYWm4walBaYnZFcGVFWER0VFBMTnVTQzEwYjlsaU9NeVAyY3N6U1hkb0Yya0lycC1kTFNfUWp3Yi1aa3hzVmVFX1RnenVtRm02MzFiSDRVbTdnN1VjSWZ5T25OSmhJcTZELVZHUlhUcjVZVlJteG9yY09OSA?oc=5,2025-12-06 03:35:44,neutral,0.8205413222312927
ONGC.NS,Google News,"Venezuela sits on more oil than Saudi Arabia, Russia, the U.S. and every other country. Yet, it produces and sells only about 1% of the crude the world is using. President Trump’s recent threats against the Venezuelan government and his administration’s strik - facebook.com",https://news.google.com/rss/articles/CBMi0wFBVV95cUxOZHoxMkM0cWZRRDNxSzVIMTVKazFJbU8yYnZCUW53VVVsTG1KVmZrOUd2V2VUdG5wYi11MC04VFF2UERMQ3dnUllUa0pxNGFlUmRaYlBMaGJEbzMwVXVMa3B0RWdvSkowV3RxVUloSktZRWhGMGJHWmJQRDVnVVFhM0RPRXVwem13eHpxUnpfTy1jM1FvMV9KZXhrVWQ2YWtBbGJfUmlZeHJxVVVlaVNOYTgzWFNiMTk2eXVpYjluRGgtRUxQYmwwZGdCOUpjeHVMSFlR?oc=5,2025-12-06 06:40:04,negative,0.558638870716095
ONGC.NS,Google News,"Exclusive: EU, G7 weigh ban on maritime services for Russian oil exports, end to price cap - Reuters",https://news.google.com/rss/articles/CBMiuwFBVV95cUxQZ0ZjTjZ4YkxiOFdQVTJpTERTVFBXamY0bGFMUlFIQ3dOQ3FGVjFwSnduVFcyMGdqQWVCNEpFczJZenJmQWFLWWd1Ym1IQ0ZrZDdwTDVkTHRpaFRpR1hKRUt6QVk2Qk5jMGZIeTZLcWJRN0RNZEcwNEd1VkVzdHFmV09YTFpjNnZFYVNIVDNYSmVzUTJ1SWFfclNiX25kSE52TW1CNlNraTR4WEJueWxheW91YnhNRGpXZ1dR?oc=5,2025-12-06 07:24:00,neutral,0.8507037162780762
ONGC.NS,Google News,Putin vows oil shipments to India will be ‘uninterrupted’ in defiance of US - The Guardian,https://news.google.com/rss/articles/CBMiuwFBVV95cUxQeUw0SkkzZXJrS2wwZWtMdkJ2VjdyWEtpMEdlLU44YTdwVUlORlpYTmRlNXRUNUJpLVhQbTBpLUdadlBIWFdscm5OYVlJWm5GV3ZqTjhUaUd1dm9FeXhYX2xYZWFpSXMtUmZPRERfUHFucDM0WmlFMzJGSURlbFk1aWpaeE90cHF1Z29jNkcyODdqSUZuU2QwTUFBN1l6SkVJMjNUZGRUX2ROQzVndDZHMUVYOGF6YkQyY19n?oc=5,2025-12-05 13:38:00,neutral,0.7859705090522766
ONGC.NS,Google News,Crude Oil Price Outlook – Crude Continues to See Resistance in Channel - FXEmpire,https://news.google.com/rss/articles/CBMiuwFBVV95cUxOQ0xjMlkxWnpsWWhZT1U2Y21qNkdYVHdQeFNBS2NITWNrLVdPTXYzVnpMdnpHS0FKQWRXU0ZYZUlhS3otVHh2NmtLTWE5Z0ZEYTF1WExfdk5iak9fZEl2ZHZHa0hNOW90eXV6UVFwalE4SWl6Z3UwaWN6Nk5ZMnQ0bndXd21nWWNVSnVhTFZ3ZEJmSkdrc25CbWlpQ254LThsRFU5UjJnMXJDWG9mY1ZabGpJdERIeGx3UEhF?oc=5,2025-12-05 15:05:00,positive,0.8399137854576111
ONGC.NS,Google News,Message for Trump? Putin says Russia ready to continue ‘uninterrupted shipments of fuel’ to India; pitche - Times of India,https://news.google.com/rss/articles/CBMitgJBVV95cUxNX0szeE96SE01YzJFOU9ZMENqaEhGWTI2aUVqSk9vcE4tQ2Vwc0Nhd3R6cTBHbEN3M2VXSW8tVGZtV3pIcExMX0Y3S3dBYmc3aVdpeWl1UUNtQW5jOG94Ymw1Q1gwZ255QWs4OVBqZDZpbW1JSDUyb3VKVWQ3VjI2UDlQRUNOM0NSbFluY3pHdTFzRjFWYUstUFR5SFNaR1ZVb05vNmcyOUpNeXdzZWZaSnhDM0VUeldiMEdpYkQ0RGVucmhhcHZDSHBiamphcWdWSzcxTWUwNFR2LXhMdllFcnlvSE5iZkNTd204MGxGUXhvUG51ZFFuSlZXcm9jaVo5akJmX3Ayd0VZSjZsb1FHem5oQW1GZVVydnZ4MjE2OUxqakhHamlXc0J6OHRDOXJyOUU2a09R0gG7AkFVX3lxTE5PZlFtME5vYkM1QW9tbFdCcjR5bnlMSWFIaVBYNzI0SFZBWU9HaWxubTc1Q1A5czVXY0NJZWRBbG9tVmUzOENDZ1pCSS1OMUlsT0RBQWxncTJZeW9JWDFjZ2RBTDhhWUJRbEh2M3FUSXB0LUhKUm9UYTR3b2hTdkdWeTAxMHNMOGdORzlNMWFVZEV6V3g1aEtxTkE1TzlWN2o5T0c0Z3VjMzZiY0pEZ3hKeTJLLWk0NnBaZTJzT0dYZDZuQm1LZ3RBNFNfaDgwS3o4WHZxaTVvM2hsTmU3cFdYSXJ6bGxJQXlpTlRHcmpkWjNsc2sxX3dMSkxPS3BkVHFqWmx1WURRM1JoeUFNZE9NaDAxcDhVMldkTEZTS1c1a0twSHB2bVhsV3R6SS1ZQXdSTDNzTGd1bHNobw?oc=5,2025-12-05 15:27:00,neutral,0.7368305325508118
ONGC.NS,Google News,"Latest main news of mangalore, udupi - Page Brahmavar-Fire-breaks-out-at-coconut-oil-mill - PulauJudi",https://news.google.com/rss/articles/CBMijwFBVV95cUxPazBSMlVrcFpGZlp5WUQ4Y1V4bnlJUzJnNHB3Mm5VNXVITk5FLW9GX3l5Vkx5TWtlc01jOThJUmRzTTlSbnRNWlVobkhqVjUwNFo4RU5VUU1jTnQxMWttWUJROVNsVWpkU1RSQzNvTWF5TUlNWVA2TzFVWHlFd0F0cGxqaDRTcG5semkxWFQwdw?oc=5,2025-12-06 09:15:28,neutral,0.9202565550804138
ONGC.NS,Google News,US Oil Rig Count Stages A Comeback After Last Week's Losses - Crude Oil Prices Today | OilPrice.com,https://news.google.com/rss/articles/CBMiowFBVV95cUxNc0M3NzRNWnNsZWlWNWlmMjZBdHJfdER0cVBJc0hEQkxSVkRDZlBsaDZRWFpwbHY1Z3hXY3BNOFdJTklXSU1HUG52TF9CNndNY3lhdXB1TG9yd3RwcXFKMjRXbU5zVXVNbTRBdVBZZ2FWNWw4MTRwZXdTZVptb1ZqQ1hiOVV3SjhzM1dBZk5PTE9ya0NVbVJyUU1RNklIVmdlaF8w0gGoAUFVX3lxTE5aM3llTXRCblJWRW10dDBhZTNuUmxkTVlXOUpuckNmdHMtdlVEQWxJWGJFZmlkNjFVNm1nMklYeWNoYk9jS2ZfRDVodE5VczNnWjdYSnV1MHZLcmFvTF9RaV9GNGJ5VW9VbU5GNmxyQnNkRHdHYmZkT0c5SHVYWGJ1dVVkeU44cjN1VDItUXJSY0dVQ1MtTmlQUVFvU0xzaTFmZTZmd0t4Rg?oc=5,2025-12-05 18:19:00,positive,0.6792245507240295
ONGC.NS,Google News,Round-up: New oil & gas discoveries take center stage as LNG momentum grows - Offshore Energy,https://news.google.com/rss/articles/CBMiqAFBVV95cUxQQVRURkI2UUp2UkoxcU1uOF84c1VLSXh2RHJjWEZDeVU1SDBfbGZNb2NVSHhBSFlnZkg3dEZhdlR2UDhsc3ZRN09NX0ZQQ0R6YV9TbGNzN3lscmE1bjZ1WjEzMjJROGxXLS1kc3Q0MVJfNWgwRV9jX2tlS3c5SEJ0TGktMXlieURtZmNYa3pvbC1JZ2FRb3FEUXJyYnpDRVZlT2dpd3M5aGQ?oc=5,2025-12-05 20:56:21,positive,0.5771558880805969
ONGC.NS,Google News,"Oil, Arms and Autonomy: Unpacking Putin’s India Visit - India Narrative",https://news.google.com/rss/articles/CBMilAFBVV95cUxQZk5CeEhSUXpjakhwX2NnZXN0Z180VzlhZEhURllWMGpPYS1CWVFPYXJtZ1dSNFBGNHp4elp5bGRVRmJudm1xeFJIeWdUdlhCbnBZTUlWM1Y0c0lfQlJBdkN2alhBYzlBTERxZWk0M1I5MUdldjA3QW5HcTJENlU2UFhQSFZlcU9aWTlSZUM3T0l4bEIw?oc=5,2025-12-06 03:03:01,neutral,0.8876882791519165
ONGC.NS,Google News,The Paradox of Powerlessness: Why Middle East Oil No Longer Commands Global Panic - Modern Diplomacy,https://news.google.com/rss/articles/CBMiS0FVX3lxTE50NXM3ckpGVWZvYktOYWNqQjdPcWhSdElrUWx2eFRYQWl0SUlrWlRscmF4TThmSEx4blk5T0FsWkpCbGktRHl6UTJvRQ?oc=5,2025-12-06 03:00:51,neutral,0.8639609217643738
ONGC.NS,Google News,"Putin questions U.S. punishing India for buying Russian oil, as Modi agrees to deepen trade ties - NBC News",https://news.google.com/rss/articles/CBMioAFBVV95cUxNVFNMX3JmTmdUUXhPREY1YWFWZ3hONE5xald2Y1NNT1k1TFc4cEJ3V2taX1h2QU9zNzhqNzZpeW5TSGxMc1lhVnBpR2tGLUtKQnQ4VHlFOC1MVnRsY3NGUFRSNzhZRW1VZEJwS3FJcmVLeWgtb3lscjVUS2c2WDBWV0l3NG5JOFBNVWE3dWp4SURuTE1nZnpzalBJTUJrNlZm0gFWQVVfeXFMTm9FM2pKTU51aGQ5MUtqRncxeW9tZnVlRW9mdXZ1dzZtNXhka0haQnM0ZFVCWFI5Z2cxSjVMdUItelByQTVFNU43aFdVZDl1TGFGRFBoUFE?oc=5,2025-12-05 15:58:00,neutral,0.7544084191322327
ONGC.NS,Google News,"India's ONGC moves closer to keeping 20% stake in Russia's Sakhalin-1 project, sources say - Reuters",https://news.google.com/rss/articles/CBMizAFBVV95cUxPWk5QSFRDaXZrTkF5Y3ljNFRLd0VlRFBORkRDWGF4aUx4V2ZQSXo2T05xUkZ1NWtpSnNrM3JiOUg3SVFMZHhKUjU3NTVmZDRSUElTdlVaS3VXblFEVjRPYS1FSnNERFM3cGFtc3hTMm5MeUdEaU81eVZ4YWZhZmt1bHB2aG0yTzYxU2NZQjZzaHJpRjVsa1FjM1R4bXg2bjVXZm9sOWlQZzB4d0ZKcFhJX3RsYXRXSUh0VDJVMG5pME9veU1GWjZTdjJwTXc?oc=5,2025-12-05 14:43:11,neutral,0.7268710732460022
ONGC.NS,Google News,How Big Oil’s climate-change solution is surviving Trump’s attack on green energy - MarketWatch,https://news.google.com/rss/articles/CBMiywFBVV95cUxPdmJkSVBPd0xFNjJpdU9IZmdiWklFaEprd2dMN1JTUWZmel9GWVNER0dqMTdHLUVOeC1FOUFzMk5iMFZwS1dMYzd6VGpRNGswM0o3NzktcWZ4Z19sU1JLT0Q5NlgxaGdITjY4d0RZdEVUWS1VRExxMnY2MjNCQUhaenZ6T3VIejhrVVhFZ1I0cjR6cHdFYjRnTjZEOW9JdTNVU3Z3OVlWd1Q0RWdJd2ZpMHM2Zm5tMFd3RnZXeDgxblJhWjNaN3F5d090Zw?oc=5,2025-12-06 13:30:00,neutral,0.8429679274559021
ONGC.NS,Google News,Ukrainian drones reportedly strike Russia's Ryazan Oil Refinery - The Kyiv Independent,https://news.google.com/rss/articles/CBMilwFBVV95cUxQNU1pTnRQenA2S2RCd0FRS3ptTWtXWG82UTJyLTc0ZHlFczg4OTlhT2FocE5zdW1iU3lNSU5fQjB3MVVfbnFsYkdRRW9XNUFsTjVoQjRwY1Q3bFg5elI5RF9Eb25xb1AtMnNnbzRWM2hteExkMmhBTU1aWDhxQXFZdXF2dTh3dlRxOVo2VUV0VE9HX0dpZ0dj?oc=5,2025-12-06 04:40:25,negative,0.9004132151603699
ONGC.NS,Google News,Oil prices hold steady due to stalled Ukraine peace talks and supply outlook - ET EnergyWorld,https://news.google.com/rss/articles/CBMi4AFBVV95cUxPS21KQjRHMDMyUUtKOTRPcmVjbTN5TERVak9TTDFBeWMtdkxFVTd3el93ZEVxN1hscjV0NDNHZk15Y0VUNVRYMC1aUllGcWFHbVBOWFUyQmpQcS1aOG5qeHhaVDBtMGxGTTNGd2NQRG9VbUZrdmhVVnJ2X0ZhY3BYeS1taFp1c19OaVUzdnBINjhNVk15aGk3Si1DNWl0RnZBTm03RndpcHZNZ1MwZzZJbFUzOFZtOEZNc2RpYnVpaUdiRkZMY1dxcThDZmJmdldma1I5M0FrVE5xWGxMRDB2QtIB5gFBVV95cUxQSlEwX3RIT3ZFbDBvOVRac1d3TF8tY3hpbk0zTy1DbWs4RWZncHVBUWx5eXgyTTFKbHhDN1o2bGpyU0hIb3JCWHMxVXYwU3pzcUktcXlhSmdLTWNnaUhYUnB1VUpYOWZsS2I0QWJnUmZqcEtoOGlfS0d0ZzFCci1namlqREhNY08zMDF6MjhYLTdJdFdLQkprNnBqeTZBNXk5dmxyMXNfZG0tZFVKbjNVR0ZFX0hDd0hSMHUzWUxqNXVjc2gtQmJWWlAta1JmcXpXNEM0cnJ3Z0NLOG5CeDRRdWFrSDFudw?oc=5,2025-12-05 14:19:16,negative,0.8184412121772766
ONGC.NS,Google News,"India, Russia agree to resolve investor concerns in oil and gas projects - livemint.com",https://news.google.com/rss/articles/CBMiqAFBVV95cUxOWlRsZnRCWHA1VGx2V2hrMGFaQmRwVF9XdmtoRXJ0ZjA0VThhZm9KMUMwcmtvYWFFQVdGR1I5VU1jYWszaXVSVnZVLV9uUVJtR3RRQ01yN1o0RlQ3VGc3b2E0ZUJOZFZ4QWVRaU5ZXzRqcTZGbzg3T3pMUUNTYzRRRS12WFBCaEVyN0ZjLUFpVkNOc19Jem5LbTM2ZVhZQzNzYnB1Q05TcDbSAa4BQVVfeXFMTkhtQnBfdklJWlJ1Q1ZiQVpYZkwtSC1HQlBPSlBidkdqQ1d0aVhBdkpuNllKYWl6dXprRjhGS2NwODdEZ2J1NWs5ajlqb1hLQTRSdXFJQzhLRWQyZGZxMzA5REo1NzAwQ24zYnY5OXZzLWZ2cjktNE9IODU4dWFrWkUxTkYwalFQU2JBa3ZXb1ZmV21HOGF4enNTS0dyZ1ZHY1ppN3BCZG9ZRWNwd1l3?oc=5,2025-12-05 16:50:00,positive,0.7113151550292969
ONGC.NS,Google News,Qatar finance minister says LNG growth to mitigate impact of future oil price drops - TradingView,https://news.google.com/rss/articles/CBMi6AFBVV95cUxOZzJZQU53ckxTR1ZKaGdLWjNSeHlHLXpFWjU2NkI5TzVBblgwUmNGQVpaVUdMeUYtbzBlOXRzN05hMUJCTno1Wm52RFN1UHRxN290TllodE9uZWctZE1taVJuZTF6OGYwWHVKbG9kLS1sdTFNS1FTN0F5akVzSHBXQS1ZTG52bDlhN2ZrOVJDNVBlcDJTQnB2OUZXMFh6R01DOVotb0x2Q29Rcmx5RWNmaUFkNFdkY3ZEUG9Ya21vMkMtLUNEd0lGV2RiVktkMlJydEgwTXNrMjBhWGZLdHZ5Y3RONGlfbmtY?oc=5,2025-12-06 09:28:20,positive,0.8675753474235535
ONGC.NS,Google News,"OPEC’s Oil Production Remained Steady Last Month, Survey Shows - Bloomberg.com",https://news.google.com/rss/articles/CBMisgFBVV95cUxQVEw0R1A4Ujh2YkxuOFAxYmlaUVNWSURaWnBBNU4zOWlNSzhXVHhSY28tR1RNYVJfb2xNMF9JMGVOUzc3V1RXTElZY2JPMHBpMldueXBSR0xZYzRqM09JdnYzOF9rdWI2OThyYW81NEJybThuVnl3ZnZ4WG05SDhpeUdFWXdJbFJRNDU5R25NZXMyd2dGbGhidmJqc2ZDNlN6VXRBOHAtWXN2VU9YYWozTDJn?oc=5,2025-12-05 15:14:14,neutral,0.8825036883354187
ONGC.NS,Google News,"Natural Gas, WTI Oil, Brent Oil Forecasts – Oil Prices Test Weekly Highs - FXEmpire",https://news.google.com/rss/articles/CBMiuwFBVV95cUxOQWh6LWQ1bzhEa2NvZm9pXzFraF8wNGMtY3VuMEk3MTYtLUJiLWFOVnJ1M2hLdExwWDZWLVoxMjZvOWhLRDRhbDhYNjlPR3M4R09tU1FUVGpOeXh3OE5hOHU1NG1SdlRONGdLYjZJVXhJUUNXWmhTV19mUVV6NFVtd3JLQUlwTFVlOGc4Ujh4Mk9WOFQ2VEVXYWI1bXJkZVJodmdjR1U4aVFhVlhzNHdlWHdlQ3FyMFdPUWRN?oc=5,2025-12-05 18:54:00,neutral,0.7937279939651489
ONGC.NS,Google News,Equinor News Today: CEO Anders Opedal Raises Concerns Over Oil Policy - Meyka,https://news.google.com/rss/articles/CBMingFBVV95cUxOU2U1VkZFUlNFUUdxRk5VN3Y1LVFSSXdzYU01OEwzRGhmVnZDS1ZRUXFKdVdzN1lwZXdMTHlqRlZUOEdVbS1fOFBRRkpsMzdtcDZIeHJsaFdnSHNtMng2V1Racm9XYzBGRmIxUV8zeElhT0NFRGc5dXdBVVhOaE9xaXJUVDVaRGhybkROUGVmVExsWnpjcnQzY0lWclB1UQ?oc=5,2025-12-06 09:26:58,negative,0.9241859912872314
ONGC.NS,Google News,"Qatar energy minister: plenty of oil capacity is available, but global economic slowdown is bringing oil price down - marketscreener.com",https://news.google.com/rss/articles/CBMi5gFBVV95cUxOZk9ydW5mTUVXUWlJS0xGMmhuaVRDRnlYRnREVVpHMXhjMUpEOEgtbGktTGZEMERsVWsyeW5zazhKaS1qVFgweC1Rem9Da0kzeGJSYTdhZjZfV0VMbVZzcmIwcWFzNDBXd0gzZGpBSmF5VjlQVHJCOGxYbXR1OWRIdzZLWUtJTVlJUVRMSk91bTV2LTRXYnZSMjM5cnZXbm1mVk5mX2lGLTRMd3MxbzJ0Yk9QLTdveTU4a0c2UTBQZTFnbUhkcktUb1FCUXBJb2dBVWpqLUVaRDZsNkhkUHZHbUxlcXUtdw?oc=5,2025-12-06 09:03:25,negative,0.8125210404396057
ONGC.NS,Google News,Heavy Crude Prices Could Surge as U.S.-Venezuela Tensions Escalate - Crude Oil Prices Today | OilPrice.com,https://news.google.com/rss/articles/CBMivAFBVV95cUxNMDFSdGlrREhjRUhkakd2UjNJY3BSbENjLVFWZnFoZ1pKMnNDaDRnc3hzaVZuVjF6R1hYUHNlWWhBMHhTWXpoN0RQX3l6ZWcxMG9RNEZLSjdzaTFBTlZFamF5cXF4OUdDRzJpVEUyWHJiWGFWalBaQVo1c2dwOUlXdlJzUWdMZTctUUJzdUdlVGxWeTdvQjhjb0ktejlCenFIUEVNQmd2YnFGeUFmRGJIN1huR2J4UFVqNFNJStIBwgFBVV95cUxPRndSM19mX01HTDI3TE5SaFJnWXBpTFRIN3czTG1TTzYzWUNsamxHZ0dJOXkyRFZBcXhRSHNoeUV0MFFGcm12Z2dsLVdLd3ZDM3hKU2tiTWdCMjd4SU1nWEhNdFFrUnd1MXgtZFNIMUZFUmtGcnBWeVJ4c0RqeHZWbm5jeGJ5MjM2WWw0NDV0QTEtdHViN1U2N0kwck9UVkNVQmdoYlFwbUY4ZGtvZmpUeUd1aUN2Y2JiU2lNYUp4UnhaUQ?oc=5,2025-12-05 15:30:00,neutral,0.5900591015815735
ONGC.NS,Google News,Short circuit sparks fire at Bhageerathi Oil Mill in Brahmavar - newskarnataka.com,https://news.google.com/rss/articles/CBMipgFBVV95cUxNcGpCbXlhd0Q1SWg4eDQ5YzVvUmNUZEhSQVhJcEpRNTRDcmVQR01SN19ieFRtcmdOLS1pYkZxNUlBWFg4ekFQdXY4QVJFTmZFeUViOUVIRHJlZFlIYnA2T1c0N3pYRmFFNEUtc2MtSW11Vlo3cTVIYkRsRFVjLVYyS0g4Rjc4LVJTMFlzemNvX0tsS1dVQ1dHamZmeHdfckdRVmVlSFh3?oc=5,2025-12-06 10:58:04,negative,0.6821600198745728
ONGC.NS,Google News,"The U.S-Maduro Head-On: Oil, Hegemony and the Future of Sovereignty - Countercurrents",https://news.google.com/rss/articles/CBMipAFBVV95cUxQNDl0QzNiNWFWd25qTWYyNVRLUEZXejdvdFVEQ0VhdExyQlVIdXJWN1FjTkk0LU51d2pYbEdSNGpoSjRla2QwcnYzWXA3eW1GTDE3WUdaMVNKOHdPdmxza0x4MUlMcG1iQzlSZnpPZVlVdHg4eDJlM1hiSE1Gb0ZsbVY2SVZJdnZkNDRLWjJyT2lodFlaay13YjFQNkpPdl9sdXRURg?oc=5,2025-12-06 07:02:47,neutral,0.913132905960083
ONGC.NS,Google News,Re-Ranking the Oil Majors: what will 2026 bring? - africaoilgasreport.com,https://news.google.com/rss/articles/CBMipwFBVV95cUxPNVBfSDNPV190M2MzVkxrQVloZlFuZjJZdVhCMUpSeHZqUjh6TFluaXhxd2pWbkUzNjR3SkdJRUdJWVlvVUF0ZEtxVUhoRFBjX0JvSHJxb3A5N3J0bTdKSkR3Nmo3aHJfUkxJRUNJYW12VGNMREk0Wm1fMXQ0OVl1aHFkMWJSdTdoNE1CZmg1N21xU3JrNVNHWTQtZW5HV0t1WGR4RXVyZw?oc=5,2025-12-06 00:57:37,neutral,0.9226804375648499
ONGC.NS,Google News,"'Grand gesture, but won't kill exports' — G7, EU mull ban on Russian oil maritime services - The Kyiv Independent",https://news.google.com/rss/articles/CBMitwFBVV95cUxQNHVlZUcxRW56Sk9yeUd6VWFBby1EZENtb18zMjRrMmpMY2NkMTRQN1pQYW9EMlZ2V2pIUzRWQmFEUmVScjNqMlJpYkdBcE5zY2lfOWk4RTZEcEk1ZzhXYjJrRURrU0ZfaTNid0JKNmFzdEtiQk5FSXo2enNHSlQxX2JMSE9OMzJvbzVCbWpTYVVrclBTMDA2ZGpiUUlLa2ttaFR6aGlrVm1obHZFVEJuTzlQNFNMdTQ?oc=5,2025-12-06 09:54:26,neutral,0.622420072555542
ONGC.NS,Google News,"Equinor News Today, Dec 6: CEO Anders Opedal Raises Concerns Over Oil - Meyka",https://news.google.com/rss/articles/CBMinAFBVV95cUxPWXE2eGpYajlZdUJtSnBQSHZ1bWRsZjhjbWpielRXbXlYZWVMNUZ0cTZGZGdQU0s2R2hBNzFJSVpGZ0dXV3A0ZDU5YTBPcTJ3NEloU09Fc0NWQndoRWZxVjJ0Y1kweU9tS1FndTdNNl9PN1ZSTXUza0lVamtNNDB1TzVhbFZUOVFkTzhnQUhSQk13SEhSenFpUnlwT3o?oc=5,2025-12-06 03:00:00,negative,0.9108592867851257
ONGC.NS,Google News,Putin Promises PM Modi Uninterrupted Fuel Supply to India Despite Trump threats| Russian Oil Imports - Republic World,https://news.google.com/rss/articles/CBMi2gFBVV95cUxQRkRQLWVVN3JuY2VQVmVjTW9TWTZNU0wwbFkzcnZyS3NyX2pGZXgwMXlWc1V1NzJsNG9VWEItaWZPX0p6d1c5R3Axa1JBZHY5RlFxX2NUS0VYMU1hVHJkZENiZmZfQ0E4SWp4Z2hETjhsOUpOWUE2b25rRmNHM3NNZEdPclBJOEJUakVQUUowZG1UMnE4bVNueUJ2YUg0TEwyZERpLVU0N2ducHVLWVZKVmVENG9XVUlSaVNQMGdGbDhDTHh1WlA1QkcyMzNlenRnZkRWMWZzV3k5dw?oc=5,2025-12-06 08:00:11,positive,0.7099571228027344
ONGC.NS,Google News,Drone-Hit Oil Tanker Is Now a Mile Off Bulgaria’s Coast - Bloomberg.com,https://news.google.com/rss/articles/CBMitAFBVV95cUxQbjhVeDc4ZDZkMGF0UUJUQlVGQThaTGpkVmNKYnVGbHRkN0hZMmtxSWhHNGNmT3pOVGd4NTZ3V3cxRldmN3Etc1pHbHdDbXlaekV5Mkp4bEtIN1hueWJwVU5hbno2RllHd2ZmcE16ZXJkcmFyeXFBSnNKS0FKYTh4b21yVmdLcTI0MHVIbDIxbnpfdDdRX0hyLTljUkhRVXdsYmtidlFYMnJXalkzXzZJeWhzU3o?oc=5,2025-12-05 17:21:44,neutral,0.7392705678939819
ONGC.NS,Google News,Modi–Putin summit paves way for stronger ties; India firm on Russian oil trade - Daijiworld,https://news.google.com/rss/articles/CBMiZEFVX3lxTE1UclB1SERYaEY1clhjdkltUWo0b1FGNXh5M0EwOERDd2RZU3Rzcm1RUUExc0EwbTJVS04xNm5tb2VsU0prOWIxWTJ2bmVWX0twTURjZXA5S0Zuei12NlAwY1RQT2Q?oc=5,2025-12-06 03:51:36,positive,0.8932036757469177
ONGC.NS,Google News,Ural Oil and Gas LLP announces gas and condensate production figures for 11M2025 - Qazinform,https://news.google.com/rss/articles/CBMitAFBVV95cUxQc3Q3Um9xTE9MRWtoaGp3RmhkeC1ORWlMbmRWb2NEUVNXd3hrSnNLOW1MUlBSTTh2VnFVNG03NzE4VnMyNWpvZmtIR3pFdUhkeHRIQkJfSHZ3VkRtUVpRRmZ1U1JLN0QyOGJZdDlVZUw3MGJaeUVYdUlHS29VZEh4Q2N2d2UtSHh0bzExM1JRQm15bElKSlNYX2JMLTdJd0xlaE4wZlpBZTdWOEdkdjJTQ3ZKTmLSAbQBQVVfeXFMTllEUlhMQzBzUzI0VFNVYjBxRzNPd2IwQkl0UW80ekk3TkZOMlRqZEdUS1lVQjZXOFR4aWN2MlduMlpPcU5HT1YzQlF3VUtUN2lhRlJmUjBmTlF4Q09YVlBvbFg5THZpS29xdkVFSnBoc1FNSXRqdk5YMml4RTFIdl91aVRlT1BRVWlPUzRadTI2SGRPNlRzNGZ5Q3pEVEJZSVFmTHFGRFFFekdxRThnTllIcmdH?oc=5,2025-12-05 20:15:00,neutral,0.8133693337440491
ONGC.NS,Google News,9th Strike in 2025: Drones Attack One of Russia’s Largest Oil Refineries in Ryazan - Мілітарний,https://news.google.com/rss/articles/CBMiswFBVV95cUxPUVd5X2xVb0s3WmtGeDU2REQ4TFU2b1V4TTFocVNxaHJQRThQNl9CeW45a3BwMnhCa1ROOHljcm95TmlVTW5sMTVfN2tUQmpNa1lyeUY3aXpmUlAzbmFHRDRLZnRlUzEyMGlSWG5EQUJoV3dDRURhaXd4bkRnY2xHekdzTW5rUUpiRFZCa1I1OTFoRmZ6NjJaVGlaalVkU1BPUTJnUGk2N0hwWWxVZUJtNlYzaw?oc=5,2025-12-06 08:18:30,negative,0.9054317474365234
ONGC.NS,Google News,Andaman oil to lure global investors - bangkokpost.com,https://news.google.com/rss/articles/CBMikwFBVV95cUxQd0lISW01eDRBMUNlUzM4eHdzVWNNd3MwN3E1bGN6LW1kWUxkOW82anRuNzJuTHpDeVFzN1FrUUlMUU8wZ2V1YzE5NzdtVVdObHBLRmwtSE1vazNsVVBPTTVtME1NeEwtakl5eGVka3hJVUdmclplZG9QczVEbjUtVWt2ZmQzRkhqWUJQVmZ5WV9rV28?oc=5,2025-12-05 22:24:00,neutral,0.8947235941886902
ONGC.NS,Google News,Putin offers India 'uninterrupted' oil in summit talks with Modi - Myanmar International TV,https://news.google.com/rss/articles/CBMijwFBVV95cUxOenVRTDhiWEFLMmQwZ1lOc2tJWk56Y3dRUTI3cjhLUUM5UHAtSHlXRXJvSVJ2X3hsbFE5SHdkNVdndmxQNWhHTHk1MGxObURoN1RlQThLYlIwamNtU3IxV2NSaVNSLUZEUkw1bUlWemRwWHQxYlBWWkJ6cXhHTGNVRU8takpPT1c5aTA1TG9Idw?oc=5,2025-12-06 07:21:59,positive,0.7253901362419128
ONGC.NS,Google News,CPC Cuts Fail to Lift Brent as Saudi Pricing Undercuts Rally - Crude Oil Prices Today | OilPrice.com,https://news.google.com/rss/articles/CBMipwFBVV95cUxQQWZDUmY3QXF6aE1pVnpwMTNaeHZXS2VGZk9DYk80Y1lpcnl3UFVpa1BkRGtCdFg3dm92MnY2UGZYSDk1S0VGWWRPdnFYelhrOENZQVpuTlFxV0hpTzN2LXlKLXhYMUR6dmNkREExMjBsR1hYdkozcTJiWXRqWWthT2F1aFNFQ0JaT2xpLS1mQnFaUGVMMngwNFhsWm84Qk0yQ3hZV0xXc9IBrAFBVV95cUxNa2gzYjc0SFRLZURNSkJJZ24wcDJmQm1kQUl4WmszSzBCOER2X0RkbmVWQ09wUDJHS1BkSzBVNl94QkxVaUpTYTdFdFVpamxqS0dkUjZ6eDlZNndtSV9xR0J4bVV5eWJBelZDT0xLTVNycFpPREotNnJzWF8zM3BRY01ZTkJydjA2OUtKZUxabEp3MzBvbnBubEotT0p6QkdUQVNQQ3JxQ3Y5R0pG?oc=5,2025-12-05 16:19:26,negative,0.6142017245292664
ONGC.NS,Google News,"Putin Pledges Uninterrupted Oil Flows To India, Questions US Policy As Both Nations Set $100 Billion Trade Goal - Benzinga",https://news.google.com/rss/articles/CBMi9gFBVV95cUxPSXhJLWhZTWlmdllLVlpjZllDZGE1TEVfSU9Kd01XemhERE82d3FsMk5MZm95VFNXcE1uc1ZYS2FYRExaNzVRaW1yN0JTeU9LTXdadG0taGYzX1h6RGViR3A3bDRBVml4VVN0TnpucjBfRTVaSzdNZ1NXRHk0Wncta1h0QUNQU3RjZjZYLXlpMFo3WC1vY2dqUjhQM3doQmNMLW1TQS1LZGxWdjQ4Y29CR1NqM3F0dWh1NWx2NV9DNUp4bXh2SjNCb0tLUVlpcXpjWnVra29zRldXa3JkRkVnMXVaMTBhb29qVDJtNDZQejBGd24yLVE?oc=5,2025-12-06 08:41:21,neutral,0.5076742768287659
ONGC.NS,Google News,Cargill and Uzbekneftegaz Ink Deal to Boost Central Asian Energy Security - Crude Oil Prices Today | OilPrice.com,https://news.google.com/rss/articles/CBMiyAFBVV95cUxPUXV0UnkzYmxVR3gyY1NOS1dxbU0tazlHN1B1YW51dFR4dEhRVGNUbWJ3cXBHTUVxaW5Oc1BiQnhjNF8wY1lBWGQ0Z1BBQWRvZkR4bXNrbEROZDE2NGpkcE9IajVac3VqYjc2dllFX1FHY0lJc2ZmazN3aE9qcEJVTm5hZl96WWtqTEwxUzRoMGhacVZjcnJFaUdqdS1YaXV3TGpoZ19BTk9QZnNPM3FKNVBmQWxIZFJwb0ZKUDJaMTc4dm8yT3hxX9IBzgFBVV95cUxPalpKWVVKdjR2M09qV0J6SndMYkNGUUpKbEVfSDJOd1dXVUhPMTlOdHhDYVprR1BRc3RyMG5QczF0RGFlMmJ3b1A0RFlyTmEtVGw0TThHdGdsTlFXV080WjFScmt4LUY2VFJoWnlGSUhyaWxzQ0dTbmlpZFNSMnVfWUNlNGw5ZG5lUHNTaW1aajdrMWNhWlZSMjQzS0pvSFhfdnBQMkQ3SkRFVURoSXRiTUZHbzAydWJ6c3NXeTliMHZSb2ZmM1p3dl82UDdkUQ?oc=5,2025-12-05 14:00:00,positive,0.5309182405471802
ONGC.NS,Google News,Drone Damage Forces Kazakhstan to Alter Oil Exports - Crude Oil Prices Today | OilPrice.com,https://news.google.com/rss/articles/CBMioAFBVV95cUxNbTYxUmREYUx4ckJjUWRYWFplbWM0TFA3bVJsb0gxc0hBeU9OVU5RN1dHalUySElJbm51cUtqZW5sbWlPRENndTNpZ2dIanFKeHlXYWlrSFVsSUlpRGJJaHBWODM1RjZ0N3U3ZlphQ0hPWXdRTXB3WWh1NmttNDVvNHpSRXVSdnlYbW5NNFpMdDNSZFRtSGpScE1qSGpWNExk0gGmAUFVX3lxTE1vdnVIa1N6NUF6R0lCZno1bTFLZmU4UWcySWN0T0hpbmktMzdBaWNQVXhRMF9ERWpqck5nLUxRSFVKTDFQRUFrMU9aSVdHZVppcG1Fa3J3cWxHbGpDLUlmUlVjMVZuMGRld1RPRy1zTU10dHJsc0FrSUcwSkktVlVJSzJVd1Y5czUxclZMb3BHMU8wMGlfT2dKTzJDZkRNV0ZXVGlVMEE?oc=5,2025-12-05 15:00:00,neutral,0.5326781272888184
ONGC.NS,Google News,Tuscia Producer Builds a Legacy of Award-Winning Organic Oils - Olive Oil Times,https://news.google.com/rss/articles/CBMiqwFBVV95cUxPdTJYWlRHSTdfcWd5TTZCNEZiS0o1RW05MWZNSHRLMUhnNnhMSGhOSWFYN2FaYmRwQ0xWUjViZnZucTBMVlFsRVpiNTRFUnphS3Q3ZmRERmFibjlULTBEVTdtNFFlVXNpQTc5c052RlVZeEJOWDgwSDM3cHhNdktkMm9IMDdPaDRKaU5aTEpXQ3NHQUY0MTJKOFhya3IxQkI2NEsyUkxiR2dpNm8?oc=5,2025-12-05 22:06:00,positive,0.7553553581237793
RELIANCE.NS,Google News,Reliance Industries Sees High Value Trading Amid Narrow Price Range - Markets Mojo,https://news.google.com/rss/articles/CBMizAFBVV95cUxON2JCRkxSa1lvTjd4bVdVcjFmQTk3V283ZGhURGtnZF9DZUlISHp2X1VLRm1HMXl5emVqaGNRaFJKMERSNW9ZcEV0b1J4bFdGR01RQkVnaGJGWmdaSFBmZlhCOGUzZWpIZXdLbDQ2RzRjcHoyWjh1bTJidFQybHJSWGJ2eTBsNXJKalBIMUpTVzg2RTdBVm9vLXd4dlZ0RFJrTzBLTmhxSWd0R2tMTEJXSG5QdVVfLVFzM1pYSzRxWEJHcjh0dC1wVzU0ZVc?oc=5,2025-12-06 05:05:13,positive,0.8951627612113953
RELIANCE.NS,Google News,Does Reliance Industries (NSE:RELIANCE) Have A Healthy Balance Sheet? - simplywall.st,https://news.google.com/rss/articles/CBMi3gFBVV95cUxPSTRIbE42RHN4eFNEZVdLUXNNMVAtNTBmYUdnNTd3VWhIajU3Ry1HcUZJc2JSdWczTGtzMkdRSHpfay0teGk0YnBRbEpnLUtwd1d5YUh1b25yNG1mY1BTQjkwOVRQZ0g3eEZMb2J3WjB0UVNpTlpQTC1ObDVwOXdkMktSLTVWNFlZUzJ6WUU1UXQzQmtQck04RDZQZUEtSWtGNm1IUGZVOHNYaEtFNHRydDNyTmdlSVNyYzdia09XODB1WmxLU1NNVEZreU9qWFp0SlFOaTByTnZpVFFwSnfSAeMBQVVfeXFMUDFxMjJVMDhMd1habVZ3aVdIU2N0N3BKeGo2ZVhWWUFqaWstdzY3UWdzaHVyQ3JLRE9NTXZndERXVXdmbkkzam1aMm5mTUN0RUZmajdzR3hLUnRONmlqRzdhRmpoQ3N3azQwaG1HREhkQVA4ZUpTZUlpSTVBbGcyOEZnUWtrNVY0aVY0U0kxZGpyR2FQMi1wVzBaVVNmWE8zdVA3dzEtLVVzTXNXLVd2dHFENnA1MTdYblVqaWkzaGNGMHVtTEJySWhQWFFhd1czMm94M3hhcXBWVFVkajVIUElycjQ?oc=5,2025-12-06 04:30:48,neutral,0.7546529173851013
SBIN.NS,Google News,State Bank Of India - Biocon among 6 F&O stocks saw a high increase in futures open interest - The Economic Times,https://news.google.com/rss/articles/CBMi8wFBVV95cUxQVnBsZldBZWFSMVhoNjk1c0d4MUtZb3JWcTBZNEFyWEVfVmRWQXY0YkhHREN0akJneXhKS1Q2TjY0c0s2VlhNV1MwcDF4NmoyQnBiUGVrSjBNaTZWYmU1MkozM3V4RVFpbllhenY2eERlT1NncHA2MnVpbGFDSmY3Tl91R3lvcWJmZVB5VjJpbjZEWG9WaTVnbVphSHRyNkhRdjlhdmZKYmdlVzhtUVI4bFpaTjE4Y0dmbnFkMHBWT1RLMUZUMk4tYnVuUTA5YmkzZEctZFZfYWk0dFpWVVlJOS02UkVhLWctZFJrLWRCeUdIcnc?oc=5,2025-12-05 14:28:47,positive,0.9097522497177124
SHREECEM.NS,Google News,"Most Expensive Cement Stock On BSE, NSE Is Hot! Not Ultratech Or Ambuja, But This Company Rated To Accumulate - Goodreturns",https://news.google.com/rss/articles/CBMi1AFBVV95cUxQYWJnSlB5My1uX1JOM043dktoNVpkWXRvckVXTGtfU3VVZVotUHZiRlBGWTRBZTcwemlUYlZrVTRScmdFOC14VFZrcTE0b29xRi1ua003cmpUTHBJUGtubXl6MVdiUmRiOExRcUNveTdQOXprMERuOHpyNS1VT2JVNkg3eGlMbTJ1ODJRT2RFUW5LMGcxcGc2WUJuR1pKRkJWWG5xU0JsWVZBbUctR1FkRHRlSFZXNFV0TmFORnN2RGVucWpzczAxSl9jY1lkaERYeGxtRg?oc=5,2025-12-05 18:29:02,neutral,0.9035758972167969
TATASTEEL.NS,Google News,Stocks to buy under ₹200: Mehul Kothari of Anand Rathi recommends three stocks to buy or sell - livemint.com,https://news.google.com/rss/articles/CBMilAJBVV95cUxPLTNoNnc1bXg5anowZWdhYTd4QjQ4cjJVZmJTcG56QVRPZk5YeG43clBHRFRRd3ROM1d4ang2WHpHSnUtNDluYXM3M2dST0N6MTdFdlZpdHpjOEFmakJNUTktMWUwaE95VTZZU0FZOHVmbnRTa042Ti1HekpaS2NnTFQtVmNZYTJicEpFOUhYUHU2ZkUyU1JNcmtjZ01vT3BvYTJMVTFLSGUwczFXQVptUms1MmhhQ0dYUE1oaS10cTZOOGduZ1F6VEcwU0FacURXNlVTYTNsOWgxRm5wWmtNS3RtT0hjaF93Um9Xb0lIUTZOaWtnNjhJazJic3MtVmowX3ZLbFNGaEpMdVFtZGZZQ29Ja23SAZoCQVVfeXFMTUlGTm42LW9yYXF4RC1KcTVBWE9MUklDb0VHM2tlMkMwSlZKV0RvaXY1UlBEV3plZ0ZrVTZHUGRKaU1zeG1zUHplT0dGUWxHTjFYRlU1MUctT1gxcHp4Z3laT0w1M0xQV3Iyajd0Qzh1YXFBS05KOU1IaVVRb0pCZnJJTVB6YTZDdDdiZ1NISVNDT0VGVHAyMDlVZlF5bXhoSGk4TlNyS1FfODduSmdHcEVfaDZjbVdpWEhVc2hjYUFqbkQ2MV8wMkNRU0hQbFRUVFlLN1RzM3BKaFNLbk5laHRJUlZqUlZYSFpyeWdxUlI5dUFMTmU5a2pXSVUycEtSeW5yMUF1ZXFMby1oTWFfT3VhNC1yTGFPZC1R?oc=5,2025-12-06 04:07:38,neutral,0.9222874045372009
TCS.NS,Google News,Tata Consultancy Services Sees Robust Call Option Activity Ahead of December Expiry - Markets Mojo,https://news.google.com/rss/articles/CBMi3wFBVV95cUxNVWJnbGUxam9UbENHMzFteWpZd3VhZmF1T2p5TUR6SUl1ZzlYRmFXNlJJeXN4eFp6RnY1cmNEdHpTYmpXTkphaUlsNjZNb3dFUmtxRFMtQXVIVWhZaFdOaUxLSVltbmhac1RzeGxMaVJoWTlFVXdycGJpMGdZUUljUTdUV1l2VGpYOC1DaVU3eFJiRzBNS3pCa0xWWmpUVGdLaG9URmtfalpBdXJmZkNJd3A4NFlibmwyT2daZFJQT0dYaDZoaGhqc3lWby15Y0JIS1JVcHU3SE14c3RtRUo0?oc=5,2025-12-06 05:15:22,positive,0.945698618888855
TCS.NS,Google News,"Stocks to buy for long term: From ITC, TCS to ICICI Bank— Rahul Ghose of Hedged.in recommends 10 shares; do you own any? - livemint.com",https://news.google.com/rss/articles/CBMi9wFBVV95cUxOdTNmWnlvaVBrR2xZREZFQll0MXpoQlI5X2dUVW1RbXNIQkV3RkFEOEZMZmlFNGZIaE1qTEE5QUtJb1BXeTYxb0lQQUNVXzVhMWdBeHVQTFpqVFZSMmVOMjZmX2d3RG1oMTFRYndFQXBOT1FVcThXVTVLN0w5czdPOGdJa0tBd01BWXl1YndDNmJGVDJsbXk0ZlV0bDVKUE1aMTcxTFpoTXlyeVZHa0ZDcUVLX3B6TDBVVWN6NzFhUzdLSjV1UlN6bVVJTGZtQXo5UDloU0F2aEtqOUNqWmhXUE1XVVZ4eUs4ZHFNSjNmR1hGS0EwQlVF0gH8AUFVX3lxTFBOS1pkRC1IQnU3cldHaXduVGpKdjFRRXVaWmxSc0VWVWtiWkE4VXVITGdJQ3VUWWJNVEZIUWpxVVZjWkV0UWFJQ1BKR1FVY01IYV9MQkNScFdXeTRna09vOUFNbnFjUE5QVmhnUDZ3c0hnRXhwbk1uempyV1F6US1oS3JFdFozVVBRVm9YUnVaRlBFSWh1cEdmT0JGNnFUZTZUUEVXa0pHT3ZPZTdsMVpxS3F1ZGpUWDlPUVRzVjQ3d3EwME5oWjg3cVhlZGZZck9pRDNGMHVaQ1VGcnI3WnlnLS1DYVZBUUotTWs0Tzlhd0tCLVR5TXVTSDYycA?oc=5,2025-12-06 08:32:39,neutral,0.9461327791213989
TCS.NS,Google News,Tata Consultancy Services Sees Robust Trading Activity Amid Sector Outperformance - Markets Mojo,https://news.google.com/rss/articles/CBMi6gFBVV95cUxQczFtT3NudmVDbTI5dGhrUjVUY19VWXJoc2REYUhwbkJYRnpBWEhNUDgtY2ZTLWg0c1Z0R3BFdnFLQ1JONWhrbFBVdmM4QXd1b3c1RzRHeWVUZnRZWmwzaHAyR3hsSm5RNXc1OHQxdW50eGdaSkZ0b0c1ME5ldVdPY2RfMkVuX3Z0TGpVNVotY3RNaTBmQmJWWENMLWx2X3pDenBxVDgtQVBYOXU2NFZSMEd4NmJPTFJHUTAyWGJLUWo2cktXRGdrVVFtcG1ieF92QXJhMy1aSFBpSUhHQnd2cm41aXByeEJJZHc?oc=5,2025-12-06 04:41:16,positive,0.9487161636352539
TECHM.NS,Google News,Tech Mahindra Expands African Presence with New Rwandan Subsidiary - scanx.trade,https://news.google.com/rss/articles/CBMiywFBVV95cUxONm1OcEUwUmxYSW5vdjlkVVpldktwV3BIOWdJVHlDU3E2WFVoWEhtY0ZueDN5VVZRWnhzRjdKUGh1aHRhNXk4Y0xuNTNmVkdBWEhzUWhXV3kyRkN0LWFzakh2Z1JHMnR4eEJ4UDNNMUhjLTdIbWZsUDM2NXQ3Y3l0NDMzbHdic0JFOWNpRXh0blNZcG83dlRPeU94OVkwYU9COGRUMXo2ZWlLUDNrY0piczU3THIyRnNWYXlUSG9QZEtuYkpCd3JoNmdhYw?oc=5,2025-12-05 13:47:42,positive,0.8323515057563782
ULTRACEMCO.NS,Google News,"Most Expensive Cement Stock On BSE, NSE Is Hot! Not Ultratech Or Ambuja, But This Company Rated To Accumulate - Goodreturns",https://news.google.com/rss/articles/CBMi1AFBVV95cUxQYWJnSlB5My1uX1JOM043dktoNVpkWXRvckVXTGtfU3VVZVotUHZiRlBGWTRBZTcwemlUYlZrVTRScmdFOC14VFZrcTE0b29xRi1ua003cmpUTHBJUGtubXl6MVdiUmRiOExRcUNveTdQOXprMERuOHpyNS1VT2JVNkg3eGlMbTJ1ODJRT2RFUW5LMGcxcGc2WUJuR1pKRkJWWG5xU0JsWVZBbUctR1FkRHRlSFZXNFV0TmFORnN2RGVucWpzczAxSl9jY1lkaERYeGxtRg?oc=5,2025-12-05 18:29:02,neutral,0.9035758972167969
HDFCBANK.NS,Google News,"HDFC Bank News Today, Dec 6: 50% Share Surge Analysis - Meyka",https://news.google.com/rss/articles/CBMihgFBVV95cUxQWlRfU05DS2hHWklRdHJ6TVFNNXlnLUc2N1B2NmRFVzdGdG1XVGxSZ0VCTTlTWUdQQTl0c2F0ZHR2alZZSWl2Q0FiOXhoa2txc002LTBraGlyQ0VhMDJHZ0xSZllqNklnZTE0RFJUU2RGejlKa3pENXY3MllCc0tQSkNxTVF6dw?oc=5,2025-12-06 09:19:52,neutral,0.7709124684333801
HDFCBANK.NS,Google News,First Trust Bank Ltd. Buys New Position in HDFC Bank Limited $HDB - MarketBeat,https://news.google.com/rss/articles/CBMiwgFBVV95cUxOWTItTVFlVFVweUhzUVBiV18zN000MF9KVnM4SE5qbS1lTFlhZ0pXZlhUSFRDdTlKRkppVjhReWctQmVuQllybnVEZjNkY2pPU0hGT3JFall6cHZLVlN5VTVQbVRoUVVXdFZDeUw3R2xtb043YWhzc3AxcWliRjRrU2V3VlhxYkI2eHRFTXhyZ182NnBrRWIzdDl3QkhZR3VORnN0c3RkYjV6SmRqNWtUbkIzMS1jUWliOVc3Z0VWSDJDZw?oc=5,2025-12-06 10:25:41,positive,0.8053510785102844
HDFCBANK.NS,Google News,Capula Management Ltd Lowers Position in HDFC Bank Limited $HDB - MarketBeat,https://news.google.com/rss/articles/CBMiwAFBVV95cUxPN0lqZE1zU2lVUk5NN3docUJwUkNwVlhpRGxwV0dhcmkxQ2RUSDVfbG9tdThMR0U4VXZTdlFYWWkyMGF2YXp1SDRJLUNiNEFFWklwNTVzZjlwQk4zallXVDRSZG85Wm1NeUVOMkxvRXNWeWJNeXVYTWRMSWNQajExSGJUc1J2QTlRSTJtVUdNQkxBd0lFQ2o3OFNFTFRrRnFNY1JaOGc0ZHBpbVdRRHhjREpJMWQzTWV5OFlnSVM2d08?oc=5,2025-12-06 09:59:38,negative,0.9674850106239319
ICICIBANK.NS,Google News,"Stocks to buy for long term: From ITC, TCS to ICICI Bank— Rahul Ghose of Hedged.in recommends 10 shares; do you own any? - livemint.com",https://news.google.com/rss/articles/CBMi9wFBVV95cUxOdTNmWnlvaVBrR2xZREZFQll0MXpoQlI5X2dUVW1RbXNIQkV3RkFEOEZMZmlFNGZIaE1qTEE5QUtJb1BXeTYxb0lQQUNVXzVhMWdBeHVQTFpqVFZSMmVOMjZmX2d3RG1oMTFRYndFQXBOT1FVcThXVTVLN0w5czdPOGdJa0tBd01BWXl1YndDNmJGVDJsbXk0ZlV0bDVKUE1aMTcxTFpoTXlyeVZHa0ZDcUVLX3B6TDBVVWN6NzFhUzdLSjV1UlN6bVVJTGZtQXo5UDloU0F2aEtqOUNqWmhXUE1XVVZ4eUs4ZHFNSjNmR1hGS0EwQlVF0gH8AUFVX3lxTFBOS1pkRC1IQnU3cldHaXduVGpKdjFRRXVaWmxSc0VWVWtiWkE4VXVITGdJQ3VUWWJNVEZIUWpxVVZjWkV0UWFJQ1BKR1FVY01IYV9MQkNScFdXeTRna09vOUFNbnFjUE5QVmhnUDZ3c0hnRXhwbk1uempyV1F6US1oS3JFdFozVVBRVm9YUnVaRlBFSWh1cEdmT0JGNnFUZTZUUEVXa0pHT3ZPZTdsMVpxS3F1ZGpUWDlPUVRzVjQ3d3EwME5oWjg3cVhlZGZZck9pRDNGMHVaQ1VGcnI3WnlnLS1DYVZBUUotTWs0Tzlhd0tCLVR5TXVTSDYycA?oc=5,2025-12-06 08:32:39,neutral,0.9461327791213989
ICICIBANK.NS,Google News,"Suzlon, IndiGo, ICICI Bank, Biocon, MTAR Tech among stocks in focus next week; here's why - Business Today",https://news.google.com/rss/articles/CBMi5gFBVV95cUxQMkt6cE51N21xSmdoQklKX29Va2hyclc3SkR1RHcyamJKVWhGVl81dE9Rb2N1MHBXVVdHVjZXYV9yX0F1bHZVLVY2UE1vSWFFZkJjXzl2eGE1SmVYQUw4LVY4LTVLcDRZR1UxUWFtNmxKRm1kbDZPcTRseWJSd3hsSFVBX0F2TjBtekZuemhXbG42VE05bjF3ckl1d2lIZWl5MFBSaXB4SzQ5LVZ5cDBJRW1lUW50anplazlZMVE5YjBjLVVXV1V3d19rcjlnOUFEcnhNTXFDRFpIVWN5dHFfSDNKRVNMZ9IB6wFBVV95cUxNVnh1QVNuRm1nY09Gc3NEYmk1RldSZzFLcElDb3pqS0tJbEVYeUZOQ3M2dGRPM0dYb09JOVU1MS1zYmdNejZZZExWUF90MkdJcmhuRXN5U0JOWUU0blo3cGlBOGVlSnQyM1ZsTnB1U3hpaXNuUkl5MEZhTmk2NUU0cnlUd3Zqb2xhU0dfSDRfYTZjY0JXdlBBNzJnSjZHQkp4YzBMRlM4OU0yVlFYOGt0VHQ4RkRzZGVsNnl0bVlFTEYwMEFia1lQRE9XZV85UUVRdDZHWlhkb0cwVzJfRko4Q2JsQ0RGUzhONnVn?oc=5,2025-12-06 09:37:23,neutral,0.9072406888008118
ICICIBANK.NS,Google News,"ICICI Bank subsidiary ICICI Prudential AMC sets IPO price band at ₹2,061–₹2,165 - CNBC TV18",https://news.google.com/rss/articles/CBMi3gFBVV95cUxQX3lSajllbmVxUXZ5UnVVTHhkN1lRbFBFLWFTQVNzSDc1eTZEd1J1R0RuRm1CTWphM3hQS3AtVWIzMzJKMWgyYjk3MnVRTVhRcGxCR1drbVB3dl9MeHR0RlpmYlEzZmtzUlRmNE9WeXl2bnE0T1Z5c0dsSWRXVnBSa05vZE9hbHBxdHd4UWtidHJ1cEFLRy1PODEwOFg3eVY3ZlZTb29VbG1td2NpeXdTeElfa0FDX3RSTDVJMGhFTElxV0pFdEUtanppMkFHdWViVUJrTmktWjZTaldPQXfSAeMBQVVfeXFMT01wQ3JkazlmdmN3bTg3WWpPUlNNc2JkM0kxRFdXeWRWT1RyNXRSZ1JHcVc0V0ViTkttel9CZ3dZX2lxaXNhaVFYVFpsdmJkMWotWHRBbVpZVC12bUJqb054Zk5PVFJDUW9qdVA5Ukc5c196Nm1RSy1OcGZnbDVVU0N3WWdoaFp1R2EzR1JQQy01OGE0WXJXZDNsTWZKaEV2ZGtvSXJtbmNrN1ZDS1pkNUctbzAxUXhESEZlZk5SSDZnVWlkOEE1UG1OYmZrSjdUM21KNEhxSjNLZ21sNkF3enUtc28?oc=5,2025-12-06 11:21:26,neutral,0.9255443215370178
ICICIBANK.NS,Google News,ICICI Bank says ICICI Prudential AMC files RHP for IPO - Capital Market,https://news.google.com/rss/articles/CBMiuAFBVV95cUxOZ1VrUENlU3p4aFFTbUhpaEZsRFUwYldtM3FpZ3NkeFM2LXRMQkxvR19OQmhIc1ZqWDVPUEUybzJLZEZnTk1tbEoyTWlEM3BDaEZIVS1SdEliUlUtdk9jb1RFQjFhWWJFRUtreDhjVFlKY1M2S2Mwa2NPbnczY05BSXdhcFZ2a1RnTkZyOHFKS2xrM2ljenlsQlNvalducC11b080cllscVNscEVYeFZOemUtcVNWYVAy?oc=5,2025-12-06 04:49:03,neutral,0.9374316334724426
ICICIBANK.NS,Google News,"Upcoming IPO: ICICI Pru AMC set to launch IPO, files RHP with Registrar of Companies, SEBI, BSE, NSE - livemint.com",https://news.google.com/rss/articles/CBMi4AFBVV95cUxOcXRsbVYyU19Uc0ZDb2dMMXFZclMwYVpPbnFfRmtZOW5VTXJsUi1kbWszTGNiSkNKUUdRcXhidnRHZlAxUGpDNU96eHlxdjZvMHpjMWpJWXR6Vk1QSUxYWGVINnhnRVVnTWt2c2hZVmFPMHU4dHRka09NRkxvMTE1OFlEaG1QRGhwN3d5SEJyRzR2SW04NkpMeTFFOGgwczFnNXdaOVJDaVMyQjFXZGdqeUZJUFdvZjRJZ253N19VOUxBYjdNbDZJWGlzZnJPdlJVY09Cb3dxYklwVEgya2Y2R9IB5gFBVV95cUxNdW1aVmxMT3lBTUpxelprdkVubERzcE5WMFctZmQzc1dodVJzVUVkYUVtWEpTbUcyTVBnQjJZbUVqV1FzNEp5bXFIanR5eWMzWWFRZkxGdkhTYnVrYzJCNzJ6TFRveEYzdHFkYVZjWklkYm5wcXNoSVhoVWtwWFpfcjhsdTRIYTJDRmp0WElWS19Ib2tkTm5RbFlRd3pQb0t0cHBfWGVGMWU3UWtFWjRjTHZwQ2dCXzd5ZUo4cG1JS1ZzV2hlZmJCbjRibUQ2eUx2V0UzbTR6NjJCTlVLV2tWYjZBZU1LUQ?oc=5,2025-12-06 03:01:15,neutral,0.9254244565963745
SBIN.NS,Google News,State Bank Of India - Biocon among 6 F&O stocks saw a high increase in futures open interest - The Economic Times,https://news.google.com/rss/articles/CBMi8wFBVV95cUxQVnBsZldBZWFSMVhoNjk1c0d4MUtZb3JWcTBZNEFyWEVfVmRWQXY0YkhHREN0akJneXhKS1Q2TjY0c0s2VlhNV1MwcDF4NmoyQnBiUGVrSjBNaTZWYmU1MkozM3V4RVFpbllhenY2eERlT1NncHA2MnVpbGFDSmY3Tl91R3lvcWJmZVB5VjJpbjZEWG9WaTVnbVphSHRyNkhRdjlhdmZKYmdlVzhtUVI4bFpaTjE4Y0dmbnFkMHBWT1RLMUZUMk4tYnVuUTA5YmkzZEctZFZfYWk0dFpWVVlJOS02UkVhLWctZFJrLWRCeUdIcnc?oc=5,2025-12-05 14:28:47,positive,0.9097522497177124
PNB.NS,Google News,Punjab National Bank Faces Rs 15.37 Crore Penalty Amid Financial Growth - scanx.trade,https://news.google.com/rss/articles/CBMiwwFBVV95cUxQNFBDcF84Z2JKaFVRdEdyRVNjVkNKNlZWcnhpUC1oUzlLcjdmSXdGQlZSSks4dnBKd1MyNnUyV1BWbHNUSzRVX0N2R1pZTmM4TUtTX0FGeWxvRTBPbGQwT0tJeFhhY1VYdGJnbVFtV3dQWUlRMWR5R0lQQWdyUHlodVpPZGJVTTZEbEdtRFRuMmZkT25pbFpXbk5WMjh6ekE3Y2dwcDlKQWh6a3pmYktpWDVsZHpVZVQ2blVsTVRkUjdrLVE?oc=5,2025-12-06 10:56:41,negative,0.9486867785453796
AUBANK.NS,Google News,AU Small Finance Bank Achieves High ESG Rating - TipRanks,https://news.google.com/rss/articles/CBMinwFBVV95cUxNNGU4TjJFbXRZYS01T3Bsa3dQaVRHTU9EQTRkdUZkVW1sMHFsekx3QkNIS19vOW9XNHd5MHBMRWZLbmN6M1phZHhGMXJ0NWlSc0o2T0RUd1hRVlFiRWFMclZDaDVzVHJ2c3VXWVlJdDY5VXNRQ3hJSEl3SFdjWWJvVDkyRUtQalJSMWxOVjFsR05hVVZEc2d1czdEOWFLeHM?oc=5,2025-12-06 12:37:56,positive,0.9481853246688843
